"Address","Occurrences","Meta Description 1","Meta Description 1 Length","Meta Description 1 Pixel Width","Meta Description 2","Meta Description 2 Length","Meta Description 2 Pixel Width","Meta Description 3","Meta Description 3 Length","Meta Description 3 Pixel Width","Indexability","Indexability Status"
"https://cheapestcarinsurancetulsa.com/","1","Compare auto insurance from 10 carriers including Progressive, GEICO, Safeco & more. Get free quotes from a licensed Oklahoma independent agency. No obligation.","160","1026","","0","0","","0","0","Indexable",""
"https://cheapestcarinsurancetulsa.com/industry-news","1","Stay informed with the latest auto insurance news from Progressive, GEICO, and Insurance Journal. Coverage includes Oklahoma insurance updates, rate changes, and industry trends.","178","1131","","0","0","","0","0","Indexable",""
"https://cheapestcarinsurancetulsa.com/faq","1","Answers to frequently asked questions about car insurance in Oklahoma. Learn about coverage requirements, costs, how to save money, and more.","141","911","","0","0","","0","0","Indexable",""
"https://cheapestcarinsurancetulsa.com/accessibility","1","Accessibility statement for Cheapest Car Insurance Tulsa. Our commitment to digital accessibility.","98","609","","0","0","","0","0","Indexable",""
"https://cheapestcarinsurancetulsa.com/about","1","Learn about Cheapest Car Insurance Tulsa, a licensed independent insurance agency in Tulsa, OK. Meet our founder Dustin Wyzard and discover why thousands trust us for car insurance.","181","1150","","0","0","","0","0","Indexable",""
"https://cheapestcarinsurancetulsa.com/blog/maximize-cost-savings-with-ai-automation-in-insurance-how-to-reduce-costs-and-boost-efficiency","1","AI-driven automation in insurance unlocks cost savings from insurance automation exceeding 40% by streamlining claims, underwriting, and fraud detection. This guide shows independent agents, operations managers, and CFOs how to identify inefficiencies, implement cutting-edge AI technologies, and quantify financial impact. We cover how AI reduces operational costs, accelerates claims processing, enhances fraud prevention, optimizes underwriting, [&hellip;]","459","2843","","0","0","","0","0","Indexable",""
"https://cheapestcarinsurancetulsa.com/quote","1","Get a free car insurance quote in Tulsa. Compare rates from multiple providers and save money on your auto coverage.","116","734","","0","0","","0","0","Indexable",""
"https://cheapestcarinsurancetulsa.com/blog/ezlynx-ams-crm-rater-a-practical-breakdown-for-independent-insurance-agencies","1","Independent agencies don't lack software options — they lack clarity. Many platforms bundle AMS, CRM, and rating into a single system, promising efficiency while quietly introducing friction. A detailed breakdown of EZLynx AMS, CRM, and rating software.","253","1578","","0","0","","0","0","Indexable",""
"https://cheapestcarinsurancetulsa.com/oklahoma-car-insurance-guide","1","Complete guide to car insurance in Oklahoma. Learn about state minimum requirements (25/50/25), coverage types, how to save money, and get free quotes from licensed agents.","172","1109","","0","0","","0","0","Indexable",""
"https://cheapestcarinsurancetulsa.com/privacy","1","Privacy policy for Cheapest Car Insurance Tulsa. Learn how we collect, use, and protect your personal information.","114","706","","0","0","","0","0","Indexable",""
"https://cheapestcarinsurancetulsa.com/terms","1","Terms of service for Cheapest Car Insurance Tulsa website and services.","71","451","","0","0","","0","0","Indexable",""
"https://cheapestcarinsurancetulsa.com/blog/auto-and-home-insurance-rater-software-compare-quotes-save-time-and-boost-agency-efficiency","1","Auto and Home Insurance Rater Insurance agents often spend significant time on manual quoting, re-entering client data across multiple carrier portals and risking errors that increase costs. An insurance multi-carrier rater centralizes auto and home policy quotes in real time, automating data entry, enforcing underwriting rules, and delivering competitive rates in seconds. This guide explores [&hellip;]","406","2437","","0","0","","0","0","Indexable",""
"https://cheapestcarinsurancetulsa.com/sms-terms","1","SMS text messaging terms and conditions for Cheapest Car Insurance Tulsa. Learn about message frequency, opt-out instructions, and your rights.","143","911","","0","0","","0","0","Indexable",""
"https://cheapestcarinsurancetulsa.com/editorial-standards","1","Learn about our editorial standards, fact-checking process, and commitment to providing accurate, helpful insurance information for Oklahoma drivers.","149","934","","0","0","","0","0","Indexable",""
"https://cheapestcarinsurancetulsa.com/blog","1","Read our latest articles about car insurance, tips for saving money, and industry news.","87","531","","0","0","","0","0","Indexable",""
"https://cheapestcarinsurancetulsa.com/blog/tulsa-best-car-insurance","1","Drive Smarter With Insurance That Saves You More Every Mile Click Here To Start Your Auto Quote Now. Find Tulsa&#8216;s Cheapest Car Insurance and Drive Cost-Effectively! Maximize Discounts Without Compromising Coverage MILE Find Tulsa&#8217;s Cheapest Car Insurance and Drive Cost-Effectively! Whether you live in Tulsa or the surrounding areas, having affordable car insurance [&hellip;]","389","2339","","0","0","","0","0","Indexable",""
"https://cheapestcarinsurancetulsa.com/blog/cheaper-auto-insurance-oklahoma","1","Lower your auto insurance prices Savings starts here Affordable cheap auto insurance in Oklahoma Learn More Oklahoma’s Guide to Budget Auto Insurance Solutions Are you tired of overpaying for car insurance in Oklahoma? Whether you&#8217;re driving a rugged Jeep Wrangler, a family-friendly Chevrolet Malibu, or an eco-conscious Tesla Model 3, finding the right coverage at [&hellip;]","383","2318","","0","0","","0","0","Indexable",""
"https://cheapestcarinsurancetulsa.com/blog/ezlynx-ams-crm-rater","1","3.1 SERP Analysis Interpretation Top Competitors Content Formats and Structures SERP Features Captured Impact of SERP Features on Organic Click-through Rates Research indicates that Search Engine Result Pages (SERP) features, such as knowledge panels and FAQs, play a crucial role in influencing click-through rates (CTR) and user behavior. These features can significantly amplify or attenuate [&hellip;]","405","2506","","0","0","","0","0","Indexable",""
"https://cheapestcarinsurancetulsa.com/blog/tulsa-teen-drivers-tips-for-affordable-car-insurance","1","Find affordable car insurance tips for Tulsa teen drivers. Learn how to save money while securing the right coverage for safe driving today!","140","854","","0","0","","0","0","Indexable",""
"https://cheapestcarinsurancetulsa.com/blog/comprehensive-guide-to-car-insurance-in-tulsa-oklahoma","1","Are you overpaying for car insurance in Tulsa and feeling lost amidst fluctuating rates? This guide takes the confusion out of understanding car insurance requirements in Oklahoma, helping you navigate through the various types available, and providing strategies to ensure customer satisfaction. With costs on most drivers&#8217; minds, especially after recent Oklahoma Senate decisions that [&hellip;]","403","2409","","0","0","","0","0","Indexable",""
"https://cheapestcarinsurancetulsa.com/blog/full-coverage-car-insurance-2024","1","Discover why full coverage car insurance is the best choice to fully protect your vehicle from accidents, theft, and more. When it comes to protecting your vehicle, the term &#8220;full coverage&#8221; car insurance often comes up. But what does it really mean, and is it worth the extra cost? Understanding the ins and outs of [&hellip;]","338","1933","","0","0","","0","0","Indexable",""
"https://cheapestcarinsurancetulsa.com/blog/the-quotely-ai-revolution-1-37-hour-vs-15-hour-staff","1","Insurance agencies face mounting pressure to reduce operational costs while improving service quality. Quotely&#8217;s AI-powered platform offers a revolutionary solution: 24/7 operation at just $1.37 per hour. The True Cost of Traditional Operations Most insurance agencies don&#8217;t realize the full cost of manual operations until they analyze all factors: Cost Factor Traditional Staff Quotely AI [&hellip;]","413","2404","","0","0","","0","0","Indexable",""
"https://cheapestcarinsurancetulsa.com/blog/comprehensive-guide-to-comparative-rating-software-for-independent-insurance-agents","1","Insurance Technology Independent insurance agencies often spend up to 40% of their workday manually pulling rate sheets and contacting carriers, which drains resources and delays proposals. This guide defines comparative rating software, explains how real-time multi-carrier quoting accelerates efficiency, and details the critical features that drive sales growth. References:&nbsp;Zywave Personal Lines&nbsp;|&nbsp;TurboRater What Is Comparative Rating [&hellip;]","465","2752","","0","0","","0","0","Indexable",""
"https://cheapestcarinsurancetulsa.com/car-insurance-sand-springs","1","Compare car insurance rates in Sand Springs, Oklahoma from 10 carriers. Get free quotes from a licensed independent agency. Serving Sand Springs and Tulsa County.","162","1035","","0","0","","0","0","Indexable",""
"https://cheapestcarinsurancetulsa.com/car-insurance-bixby","1","Compare car insurance rates in Bixby, Oklahoma from 10 carriers. Get free quotes from a licensed independent agency. Serving Bixby and Tulsa County.","148","938","","0","0","","0","0","Indexable",""
"https://cheapestcarinsurancetulsa.com/progressive-car-insurance","1","Get Progressive car insurance quotes in Tulsa, Oklahoma. Compare rates from Progressive and other carriers through our licensed independent agency. Free quotes, no obligation.","175","1105","","0","0","","0","0","Indexable",""
"https://cheapestcarinsurancetulsa.com/car-insurance-collinsville","1","Compare car insurance rates in Collinsville, Oklahoma from 10 carriers. Get free quotes from a licensed independent agency. Serving Collinsville and Tulsa County.","162","1003","","0","0","","0","0","Indexable",""
"https://cheapestcarinsurancetulsa.com/car-insurance-owasso","1","Compare car insurance rates in Owasso, Oklahoma from 10 carriers. Get free quotes from a licensed independent agency. Serving Owasso and Tulsa County.","150","972","","0","0","","0","0","Indexable",""
"https://cheapestcarinsurancetulsa.com/car-insurance-glenpool","1","Compare car insurance rates in Glenpool, Oklahoma from 10 carriers. Get free quotes from a licensed independent agency. Serving Glenpool and Tulsa County.","154","981","","0","0","","0","0","Indexable",""
"https://cheapestcarinsurancetulsa.com/car-insurance-broken-arrow","1","Compare car insurance rates in Broken Arrow, Oklahoma from 10 carriers. Get free quotes from a licensed independent agency. Serving Broken Arrow and Tulsa County.","162","1038","","0","0","","0","0","Indexable",""
"https://cheapestcarinsurancetulsa.com/car-insurance-jenks","1","Compare car insurance rates in Jenks, Oklahoma from 10 carriers. Get free quotes from a licensed independent agency. Serving Jenks and Tulsa County.","148","945","","0","0","","0","0","Indexable",""
"https://cheapestcarinsurancetulsa.com/car-insurance-sapulpa","1","Compare car insurance rates in Sapulpa, Oklahoma from 10 carriers. Get free quotes from a licensed independent agency. Serving Sapulpa and Creek County.","152","973","","0","0","","0","0","Indexable",""
"https://cheapestcarinsurancetulsa.com/blog/ai-automation-advantages-transforming-insurance-operations","1","AI Automation Advantages Transforming Insurance Operations The insurance industry is undergoing a significant transformation, driven by the integration of Artificial Intelligence (AI) automation. These advanced technologies are revolutionizing how insurers operate, from underwriting and claims processing to customer service and risk management. By leveraging AI automation, insurance companies can enhance accuracy, improve efficiency, and deliver superior [&hellip;]","469","2897","","0","0","","0","0","Indexable",""
"https://cheapestcarinsurancetulsa.com/blog/why-ai-driven-insurance-software-outperforms-traditional-methods","1","Why AI-Driven Insurance Software Outperforms Traditional Methods The insurance industry has long relied on manual processes, legacy systems, and rule-based automation. However, the emergence of AI-driven insurance software is reshaping the landscape, delivering unprecedented speed, accuracy, and efficiency. As agencies face mounting pressure to reduce costs, improve customer experience, and stay competitive, AI-powered solutions are proving to [&hellip;]","458","2860","","0","0","","0","0","Indexable",""
"https://cheapestcarinsurancetulsa.com/blog/insurance-agent-platform-how-to-boost-agency-productivity-and-operational-intelligence","1","Independent insurance agencies leveraging an operational intelligence platform can increase productivity by up to 30% while maintaining full regulatory oversight. In this guide, you will learn how a modern Insurance Agent Platform consolidates data, automates workflows, enforces compliance, and drives strategic decision-making through real-time analytics. We&#8217;ll cover the core concept and essential features, explore operational [&hellip;]","447","2679","","0","0","","0","0","Indexable",""
"https://cheapestcarinsurancetulsa.com/blog/gail-insurtech-platform-how-ai-empowers-independent-insurance-agents-to-boost-sales-and-efficiency","1","Independent insurance agencies can increase productivity by up to 30 percent when they integrate artificial intelligence into their workflows. Gail by Nothing Technologies Inc is an AI-powered Insurtech SaaS platform that automates routine tasks, delivers predictive customer engagement, and accelerates policy issuance—all in a single web interface. In this guide, you will discover what Gail [&hellip;]","404","2430","","0","0","","0","0","Indexable",""
"https://cheapestcarinsurancetulsa.com/blog/3-7equity-auto-insurance","3","Equity Auto Insurance **Drive Confident with Ford, Chevrolet, Dodge, Nissan, Jeep Coverage!** Equity Auto Insurance Oklahoma Equity Insurance Auto Insurance Oklahoma offers GMC and Pontiac owners competitive pricing. Their Policy Holder consistently present low auto rates, saving you money. Experience affordability with their cheap auto prices for Oklahoma drivers. Secure your savings now; explore Equity&#8217;s [&hellip;]","426","2589","Equity Auto Insurance provides affordable coverage options with low down payments and no impact from credit scores.","115","742","Equity Auto Insurance offers affordable non-standard auto insurance solutions for high-risk drivers in Oklahoma.","112","694","Indexable",""
"https://cheapestcarinsurancetulsa.com/blog/why-comprehensive-coverage-is-a-must-for-tulsas-storm-season","1","&#65279; Why Comprehensive Coverage Is Essential for Tulsa&rsquo;s Storm Season Protection Every spring and summer, Tulsa&rsquo;s location in &ldquo;Tornado Alley&rdquo; exposes homes and vehicles to tornadoes, hail, flooding, and high-velocity winds that can cause six-figure repair bills. In this guide, you&rsquo;ll discover how comprehensive coverage transforms unpredictable damage into managed risk, saving families time and [&hellip;]","441","2467","","0","0","","0","0","Indexable",""
"https://cheapestcarinsurancetulsa.com/blog/car-insurance-in-oklahoma","1","Are you a new or savvy driver in the Sooner State? Understanding car insurance in Oklahoma can save you money and give you the confidence to hit the road. Whether you&#8217;re seeking legal coverage, deductibles that make sense, or protection that fits your lifestyle, this guide will steer you in the right direction. 1. Driving [&hellip;]","340","1974","","0","0","","0","0","Indexable",""
"https://cheapestcarinsurancetulsa.com/blog/the-impact-of-credit-scores-on-auto-insurance-premiums","1","Your credit score does more than just influence your eligibility for a mortgage; it plays a pivotal role in determining how much you&#8217;ll pay for vehicle insurance. Insurers use a process known as underwriting, where they assess risk and decide on the premiums you&#8217;ll owe. The ratio of risk they perceive is directly connected to [&hellip;]","350","2000","","0","0","","0","0","Indexable",""
"https://cheapestcarinsurancetulsa.com/blog/blog-post-title","1","Read Blog Post Title on Cheapest Car Insurance Tulsa","52","334","","0","0","","0","0","Indexable",""
"https://cheapestcarinsurancetulsa.com/blog/ai-automation-benefits-in-insurance-software-how-ai-enhances-efficiency-accuracy-and-customer-experience","1","AI Automation Benefits in Insurance Software A significant number of insurance agencies are planning to adopt AI platforms in the near future, making AI automation benefits in insurance software a critical competitive advantage. A recent survey indicates that a substantial percentage of insurance agencies plan to adopt AI platforms within the next few years to [&hellip;]","373","2258","","0","0","","0","0","Indexable",""
"https://cheapestcarinsurancetulsa.com/blog/comparing-auto-insurance-costs-tulsa-vs-major-cities","1","Decoding auto insurance prices can feel like cracking a secret code—especially when you’re comparing quotes from different cities.&nbsp; Take Tulsa, for example: the average annual car insurance cost hovers around $2,918, just a bit above the Oklahoma state average of $2,790. But why the difference? It all comes down to factors like your age, where [&hellip;]","361","2157","","0","0","","0","0","Indexable",""
"https://cheapestcarinsurancetulsa.com/blog/ai-automation-benefits-for-efficiency-in-insurance-how-ai-enhances-operations-accuracy-and-customer-experience","1","Artificial Intelligence (AI) automation in insurance transforms traditional workflows by autonomously extracting data, analyzing risk, and engaging customers, delivering both time savings and cost reductions. Improving efficiency with AI in insurance unlocks faster claims settlements, precise underwriting, and personalized client interactions—core themes we&#8217;ll explore across operations, claims processing, underwriting, customer experience, agency productivity, ROI, and [&hellip;]","490","2933","","0","0","","0","0","Indexable",""
"https://cheapestcarinsurancetulsa.com/blog/navigating-oklahoma-roads-a-comprehensive-guide-to-driving-and-car-insurance-in-ok","1","Are you a driver in Oklahoma struggling to understand the state&#8217;s road rules and insurance requirements? This guide will help you navigate Oklahoma&#8216;s roads safely and choose the right car insurance. We&#8217;ll cover essential topics like bodily injury coverage, personal injury protection, and how to find cheap car insurance that fits your budget. Whether you&#8217;re [&hellip;]","393","2205","","0","0","","0","0","Indexable",""
"https://cheapestcarinsurancetulsa.com/blog/how-to-calculate-your-car-insurance-premiums-a-comprehensive-guide","1","Are you struggling to understand how your car insurance premiums are calculated? This comprehensive guide will demystify the process, helping you make informed decisions about your personal auto insurance. We&#8217;ll break down the key factors that influence your price, explain how to gather essential information, and provide a step-by-step approach to estimating your premiums. By [&hellip;]","395","2395","","0","0","","0","0","Indexable",""
"https://cheapestcarinsurancetulsa.com/blog/save-big-by-bundling-home-and-auto-insurance-in-tulsa","1","Bundling home and auto insurance in Tulsa helps save money while simplifying life. Enjoy greater peace of mind with the best coverage for your needs!","149","931","","0","0","","0","0","Indexable",""
"https://cheapestcarinsurancetulsa.com/blog/save-money-insurance","2","Progressive Auto Insurance in Oklahoma: Affordable Coverage and Roadside Assistance Looking for affordable and reliable auto insurance in Oklahoma? At cheapestcarinsurancetulsa.com, we provide drivers access to Progressive auto insurance, known for its flexible coverage options, competitive rates, and excellent customer service. Whether you need liability, comprehensive, or collision coverage, Progressive has options to meet your [&hellip;]","444","2736","Progressive Auto Insurance in Oklahoma offers competitive rates, coverage options for tornadoes, and multi-policy discounts. Learn more about pricing and policies.","163","1018","","0","0","Indexable",""
"https://cheapestcarinsurancetulsa.com/blog/how-ai-solutions-transform-efficiency-in-insurance-software-for-independent-agents-and-agencies","1","How AI Solutions Transform Efficiency in Insurance Software Enhancing operational velocity by up to 50%, AI solutions are reshaping insurance software workflows for independent agents and agencies. By automating underwriting, claims adjudication, customer interactions, and back-office tasks, AI delivers faster turnarounds, greater accuracy, and lower costs. For further insights into improving efficiency with AI in [&hellip;]","428","2597","","0","0","","0","0","Indexable",""
"https://cheapestcarinsurancetulsa.com/blog/how-cars-and-trucks-alter-insurance-premiums-in-tulsa","1","Understand how various factors influence car insurance rates in Tulsa. Learn about the key elements affecting costs for cars and trucks today. Get informed!","156","969","","0","0","","0","0","Indexable",""
"https://cheapestcarinsurancetulsa.com/blog/https-cheapestcarinsurancetulsa-com-top-10-reliable-cars-for-every-budget-in-tulsa","1","Discover the top 10 reliable cars for every budget in Tulsa. From affordable options for first-time buyers to high-end models, find the perfect vehicle for your needs today! Tulsa residents rely on dependable vehicles to navigate their busy lives. Whether it’s commuting to work, running errands, or heading out on a road trip, having a [&hellip;]","347","2050","","0","0","","0","0","Indexable",""
"https://cheapestcarinsurancetulsa.com/blog/types-of-car-insurance-coverage-explained","1","Car insurance coverage can be confusing, but this easy guide simplifies the essentials. Get clear explanations and make informed choices for protection.","152","945","","0","0","","0","0","Indexable",""
"https://cheapestcarinsurancetulsa.com/blog/insights","1","Section Title Drive Smart in Oklahoma With Budget-Friendly Car Insurance Solutions Bycheapestcarinsurance November 29, 2024 Insure your Chevrolet with Oklahoma&#8217;s top vehicle coverage solutions. Unlock Savings With Oklahoma&#8217;s Top Budget Car Insurance Options Oklahoma drivers find premium coverage for luxury cars&#8230; Read More Everything You Must Know About Auto Insurance in Oklahoma ByJaycee Joy Cortez [&hellip;]","430","2625","","0","0","","0","0","Indexable",""
"https://cheapestcarinsurancetulsa.com/blog/what-to-do-after-a-car-accident","1","What to Do After a Car Accident in Tulsa: A Step-by-Step Guide Introduction A car accident can be a scary and overwhelming experience. Whether it’s your first crash or just a minor fender-bender, knowing exactly what steps to take can help you stay calm, safe, and in control. For drivers in Tulsa, understanding your legal [&hellip;]","334","1993","","0","0","","0","0","Indexable",""
"https://cheapestcarinsurancetulsa.com/blog/the-ultimate-guide-to-self-care-daily-habits-to-boost-your-mood","1","The Ultimate Guide to Self-Care: Daily Habits to Boost Your Mood In today&#8217;s fast-paced world, it&#8217;s easy to get caught up in the whirlwind of daily responsibilities and forget to take care of ourselves.","213","1209","","0","0","","0","0","Indexable",""
"https://cheapestcarinsurancetulsa.com/blog/your-ultimate-guide-to-insurance-agency-management-systems-features-benefits-and-solutions-for-agents","1","Did you know that over 60 percent of independent insurance agencies still rely on manual spreadsheets and fragmented tools that slow down renewals and client outreach? An Insurance Agency Management System (AMS) solves this by centralizing client data, policy administration, commission tracking, marketing automation, and reporting into a unified Insurtech SaaS platform. In this guide, [&hellip;]","398","2453","","0","0","","0","0","Indexable",""
"https://cheapestcarinsurancetulsa.com/blog/why-tulsa-drivers-should-consider-uninsured-motorist-coverage","1","Ensure your protection on the road. Tulsa drivers should consider uninsured motorist coverage for peace of mind. Stay safe and secure while driving.","148","918","","0","0","","0","0","Indexable",""
"https://cheapestcarinsurancetulsa.com/blog/why-every-oklahoman-needs-quality-car-insurance-2","1","In Oklahoma, having quality car insurance is not just a legal requirement—it’s a vital safeguard for your financial well-being. After an accident, the financial and emotional toll can be overwhelming without the protection of comprehensive car insurance. Oklahoma law mandates minimum liability coverage of 25/50/25, which means $25,000 bodily injury per person, $50,000 per accident, [&hellip;]","395","2398","","0","0","","0","0","Indexable",""
"https://cheapestcarinsurancetulsa.com/blog/find-the-best-car-insurance-in-tulsa-oklahoma-a-comprehensive-guide","1","Are you a Tulsa driver struggling to find affordable car insurance? We understand the challenge of navigating Oklahoma&#8216;s insurance requirements, especially for college students at the University of Tulsa or those living in flood-prone areas. This guide will help you compare top providers, explore coverage options for high-risk drivers, and discover savings opportunities. Learn how [&hellip;]","400","2361","","0","0","","0","0","Indexable",""
"https://cheapestcarinsurancetulsa.com/blog/comparing-full-coverage-vs-liability-insurance-for-oklahoma-drivers","1","Understanding liability and full coverage can simplify insurance choices. Find the best option for peace of mind and protect your assets effectively.","149","906","","0","0","","0","0","Indexable",""
"https://cheapestcarinsurancetulsa.com/blog/updating-your-car-insurance-policy-following-significant-life-events","1","Life is a stream of change, bringing new beginnings that echo through all facets, including your car insurance. Whether you&#8217;re buzzing with joy as a newlywed in Nebraska or navigating roads lined with live oaks in Louisiana, each milestone might signal a need for policy review. Moving to fresh horizons, nestling into a new home [&hellip;]","346","2038","","0","0","","0","0","Indexable",""
"https://cheapestcarinsurancetulsa.com/blog/modernize-insurance-agencies-with-quotelys-insurtech-operating-system-2","1","Insurance agencies can lose up to 30 percent of revenue to manual inefficiencies, making an integrated operating system platform essential for sustainable growth. This guide explains how an insurtech operating system like Quotely streamlines core agency operations, automates workflows, and accelerates digital transformation while keeping independent agents, sales teams, and agency owners at the center. [&hellip;]","416","2567","","0","0","","0","0","Indexable",""
"https://cheapestcarinsurancetulsa.com/blog/navigating-the-claims-process-for-totaled-vehicles","1","When your vehicle is deemed a total loss, the sudden expense can send shockwaves through your finances, particularly when you consider car insurance rates in the wake of such an event. Factors like depreciation cut deep into the perceived value of your car, often leaving you at odds with the insurance company&#8216;s assessment. In Louisiana, [&hellip;]","355","2125","","0","0","","0","0","Indexable",""
"https://cheapestcarinsurancetulsa.com/blog/save-money-on-car-insurance","1","Car insurance is a must, but that doesn’t mean you have to pay more than you should.Here&#8217;s a list of 10 smart, proven strategies to help you save money on your premiums—without sacrificing coverage. 1. Compare Multiple Insurance Quotes to Save Money Never settle for the first quote you get. Prices can vary widely between [&hellip;]","339","2039","","0","0","","0","0","Indexable",""
"https://cheapestcarinsurancetulsa.com/blog/teen-insure-tips","1","00.01 Essential Car Insurance Tips for New Teen Drivers Teens may qualify for car insurance discounts through defensive driving courses, good grades, and low-mileage discounts. Many insurance companies offer programs to help young drivers reduce their vehicle insurance rates, and guardians may want to explore options like multi-policy discounts if they have home insurance or [&hellip;]","388","2387","","0","0","","0","0","Indexable",""
"https://cheapestcarinsurancetulsa.com/blog/why-every-oklahoman-needs-quality-car-insurance","1","In Oklahoma, the aftermath of an accident can be financially and emotionally overwhelming without the safeguard of comprehensive car insurance. This post delves into the essentials of quality coverage, offering an evaluation of the types of policies available and the protection they afford against injury and property damage. Readers will gain insight into selecting car [&hellip;]","382","2293","","0","0","","0","0","Indexable",""
"https://cheapestcarinsurancetulsa.com/blog/ok","1","Oklahoma&#8217;s roadsOklahoma&#8217;s uninsured driver rates drop significantly University of Oklahoma law enforcement uninsured vehicle diversion programs Oklahoma City inks deal for statewide camera network to catch uninsured drivers. The tech behind uninsured vehicle diversion programs Oklahoma&#8217;s Uninsured Vehicle Enforcement Diversion Program Oklahoma&#8216;s Uninsured Vehicle Enforcement Diversion (UVED) program, overseen by the Oklahoma District Attorneys Council [&hellip;]","491","2954","","0","0","","0","0","Indexable",""
"https://cheapestcarinsurancetulsa.com/blog/how-to-plan-a-last-minute-weekend-getaway","1","Sometimes, the best adventures are the ones that aren’t planned weeks in advance.","81","515","","0","0","","0","0","Indexable",""
"https://cheapestcarinsurancetulsa.com/blog/new-driver-essential-car-insurance-tips-for-2024","1","As a new driver, understanding the intricacies of car insurance is as crucial as perfecting your parallel parking skills. Whether it&#8217;s selecting the right policy that covers both injury and property damage or filing an mv44 dmv form, the process can seem challenging. Still, armed with knowledge on defensive driving courses approved by the nys [&hellip;]","361","2113","","0","0","","0","0","Indexable",""
"https://cheapestcarinsurancetulsa.com/blog/understanding-premium-vs-standard-car-insurance-in-oklahoma","1","Are you confused about the difference between premium and standard car insurance in Oklahoma? This guide will clarify the key distinctions between these two options, helping you make an informed decision. We&#8217;ll explore the coverage limits, costs, and benefits of each type, focusing on how Oklahoma laws impact your choices. By the end, you&#8217;ll understand [&hellip;]","377","2238","","0","0","","0","0","Indexable",""
"https://cheapestcarinsurancetulsa.com/blog/evaluating-full-coverage-car-insurance-benefits-and-considerations","1","Have you ever doubted the necessity of a full coverage car insurance policy, especially when you&#8217;re not at fault in an accident? This post will unravel the complexities of full coverage insurance and its advantages, particularly if you live in Vermont, deal with lease agreements, or worry about personal injury costs. We&#8217;ll compare it against [&hellip;]","366","2088","","0","0","","0","0","Indexable",""
"https://cheapestcarinsurancetulsa.com/blog/deepseek-r1-model","1","DeepSeek R1 Ai Model Published by Cheap Auto on January 27, 2025 DeepSeek-R1: A Technical Analysis and Market Impact Assessment The release of DeepSeek-R1 represents a watershed moment in artificial intelligence development, challenging the dominance of closed-source commercial models while demonstrating comparable or superior performance across key benchmarks. This analysis examines the technical architecture, performance [&hellip;]","437","2795","","0","0","","0","0","Indexable",""
"https://cheapestcarinsurancetulsa.com/blog/what-are-the-key-benefits-of-ai-automation-in-insurance","1","What Are the Key Benefits of AI Automation in Insurance? By 2032, the global AI in insurance market is expected to surge to $63.27 billion at a CAGR of 33.06 percent, highlighting a dramatic shift from manual workflows to intelligent automation. Independent agents, sales teams, operations managers, agency owners, and CFOs struggle with costly delays, [&hellip;]","363","2215","","0","0","","0","0","Indexable",""
"https://cheapestcarinsurancetulsa.com/blog/oklahoma-auto-insurance-guide","1","Discover everything you need to know about auto insurance in Oklahoma. Learn about coverage options, state requirements, and tips for finding the best rates. Auto insurance is not only a legal requirement but also a critical safety net for drivers. Whether you’re a long-time Oklahoman or new to the state, having comprehensive knowledge about&nbsp;auto insurance [&hellip;]","374","2242","","0","0","","0","0","Indexable",""
"https://cheapestcarinsurancetulsa.com/blog/financial-security-in-insurance","1","Financial security is the cornerstone of peace of mind in an unpredictable world. In today’s fast-paced and often uncertain environment, having a solid financial safety net is more important than ever. Insurance plays a vital role in this by protecting individuals and families from unexpected expenses that could otherwise derail their financial stability. Whether it’s [&hellip;]","381","2244","","0","0","","0","0","Indexable",""
"https://cheapestcarinsurancetulsa.com/blog/child-safety-driving-with-babies","1","Ensuring the safety of our children while driving is paramount, especially in bustling environments like Tulsa. Driving safely with your children demands attention to detail, especially in a city where traffic can be ext&#8230;","227","1318","","0","0","","0","0","Indexable",""
"https://cheapestcarinsurancetulsa.com/blog/10-common-mistakes-tulsa-drivers-make-when-buying-auto-insurance","1","&#65279; 10 Common Mistakes Tulsa Drivers Make When Buying Auto Insurance Purchasing auto insurance in Tulsa, Oklahoma, can feel like navigating a maze of options, rates, and fine print. With the city&#8217;s unique driving conditions, from congested urban streets to unpredictable weather, choosing the right policy is critical to staying protected without overpaying. However, many [&hellip;]","394","2310","","0","0","","0","0","Indexable",""
"https://cheapestcarinsurancetulsa.com/blog/understanding-the-basics-of-car-insurance","1","&#65279; Understanding the Basics of Car Insurance By Tulsa Insurance Guide | Published August 2, 2025 Welcome to Tulsa Insurance Guide, your trusted source for navigating car insurance in Tulsa, Oklahoma! If you&rsquo;re a new driver&mdash;maybe you just got your license, aced driver&rsquo;s ed, or bought your first car&mdash;the open road awaits, but so do [&hellip;]","371","2055","","0","0","","0","0","Indexable",""
"https://cheapestcarinsurancetulsa.com/blog/buying-auto-insurance-guide","1","Introduction If you&#8217;re a first-time car owner or driver in Oklahoma, buying auto insurance can feel confusing. With so many types of coverage and legal requirements, it’s easy to feel overwhelmed. Don’t worry — this beginner-friendly guide will help you understand the basics, what to look for, and how to make smart decisions when buying [&hellip;]","355","2099","","0","0","","0","0","Indexable",""
"https://cheapestcarinsurancetulsa.com/blog/is-your-car-properly-insured","1","Is your car properly insured? Use our quick checklist to make sure you have the right car insurance coverage for peace of mind on the road! Ensuring Your Car Is Fully&nbsp;Insured: Essential Checklist for Complete Coverage Are you confident your car&nbsp;insurance&nbsp;provides complete protection? Many drivers unknowingly have gaps in their coverage, leaving them vulnerable to [&hellip;]","391","2282","","0","0","","0","0","Indexable",""
"https://cheapestcarinsurancetulsa.com/blog/finding-the-ideal-age-for-maximum-car-insurance-savings-in-oklahoma-city","1","Are you looking to save money on car insurance in Oklahoma City? Your age plays a significant role in determining your rates. This article will explore how age affects car insurance costs in OKC and reveal the ideal age for maximum savings. We&#8217;ll also provide strategies for young and senior drivers to reduce their premiums [&hellip;]","341","2013","","0","0","","0","0","Indexable",""
"https://cheapestcarinsurancetulsa.com/blog/updating-your-car-insurance-policy-following-significant-life-events-2","1","Life is a stream of change, bringing new beginnings that echo through all facets, including your car insurance. Whether you&#8217;re buzzing with joy as a newlywed in Nebraska or navigating roads lined with live oaks in Louisiana, each milestone might signal a need for policy review. Moving to fresh horizons, nestling into a new home [&hellip;]","346","2038","","0","0","","0","0","Indexable",""
"https://cheapestcarinsurancetulsa.com/blog/understanding-car-insurance-a-guide-to-safe-auto-coverage-options","1","Have you ever been perplexed by the variety of car insurance options available? Many drivers find themselves questioning how to choose coverage that fully protects without breaking the bank. This guide will walk you through understanding car insurance, spotlighting how to select a safe auto insurance company and illuminating the differences between general insurance and [&hellip;]","383","2346","","0","0","","0","0","Indexable",""
"https://cheapestcarinsurancetulsa.com/blog/affordable-auto-insurance-secure-low-rates-in-tulsa-oklahoma","1","Are you tired of overpaying for auto insurance in Tulsa, Oklahoma? We understand the challenge of finding affordable coverage that meets state requirements. This guide will show you how to secure low rates, compare quotes from top providers like Progressive, and navigate the insurance landscape in Tulsa. Learn about discounts, coverage options, and quick steps [&hellip;]","373","2287","","0","0","","0","0","Indexable",""
"https://cheapestcarinsurancetulsa.com/blog/why-ai-is-making-legacy-insurance-raters-obsolete","1","The insurance industry is experiencing a paradigm shift as artificial intelligence transforms how policies are rated and priced. Legacy rating systems, once the backbone of insurance operations, are struggling to keep pace with modern demands. The Evolution of Insurance Rating Traditional insurance rating systems have served the industry for decades, but their limitations are becoming [&hellip;]","398","2418","","0","0","","0","0","Indexable",""
"https://cheapestcarinsurancetulsa.com/blog/ai-in-insurance-how-its-revolutionizing-agencies-and-operations","1","AI in Insurance: How It&#8217;s Revolutionizing Agencies and Operations Artificial Intelligence (AI) is no longer a futuristic concept—it&#8217;s actively transforming the insurance industry today. From automating routine tasks to providing deep insights through predictive analytics, AI is revolutionizing how insurance agencies operate, compete, and serve customers. As the pace of technological change accelerates, agencies that embrace [&hellip;]","450","2642","","0","0","","0","0","Indexable",""
"https://cheapestcarinsurancetulsa.com/blog/factors-that-affect-your-car-insurance-premium","1","Unlock the secrets behind car insurance premiums! Learn what factors determine costs and how to save money for better coverage. Get informed today!","147","943","","0","0","","0","0","Indexable",""
"https://cheapestcarinsurancetulsa.com/blog/quotely-founder-dustin-wyzard-tulsa","1","Quotely &#8211; Insurance Intelligence Platform","47","257","","0","0","","0","0","Indexable",""
"https://cheapestcarinsurancetulsa.com/blog/affordable-car-insurance-oklahoma","1","Insure your Chevrolet with Oklahoma&#8217;s top vehicle coverage solutions. Unlock Savings With Oklahoma&#8217;s Top Budget Car Insurance Options Oklahoma drivers find premium coverage for luxury cars at sensible rates. Cheapest Car Insurance Insuring your SUV or truck could save you hundreds annually. Owners of Chevrolet Silverados get quotes and coverage with Cameras on streets a [&hellip;]","395","2385","","0","0","","0","0","Indexable",""
"https://cheapestcarinsurancetulsa.com/blog/tips-on-how-to-save-on-car-insurance-in-tulsa-easily","1","Looking to save big on car insurance in Tulsa? Check out these practical tips to lower your premiums and keep your wallet happy while driving safely!","149","919","","0","0","","0","0","Indexable",""
"https://cheapestcarinsurancetulsa.com/blog/understanding-how-to-file-an-auto-insurance-claim","1","Learn how to file an auto insurance claim like a pro with simple tips and insider advice. Get your claim processed smoothly and stress-free today!","146","896","","0","0","","0","0","Indexable",""
"https://cheapestcarinsurancetulsa.com/blog/auto-insurance-strategies-for-extreme-weather-preparedness","1","Auto insurance plays a key role in safeguarding against natural disasters. Learn how proper coverage can minimize financial stress when calamities strike.","154","955","","0","0","","0","0","Indexable",""
"https://cheapestcarinsurancetulsa.com/blog/how-ai-automation-transforms-cost-efficiency-in-insurance-key-benefits-and-implementation-strategies","1","Artificial intelligence (AI) automation can reduce insurance operational expenses by up to 30 percent by streamlining manual workflows, improving fraud detection, and optimizing underwriting decisions. Independent agents, sales teams, operations managers, agency owners, and CFOs will gain actionable insights into how cost savings from insurance automation translate into tangible ROI and competitive advantage. By: Dustin [&hellip;]","434","2673","","0","0","","0","0","Indexable",""
"https://cheapestcarinsurancetulsa.com/blog/how-to-drive-down-car-insurance-premiums-in-oklahoma-affordable-car-insurance-tips-this-2024","1","Discover how to drive down car insurance premiums in Oklahoma with these affordable car insurance tips. Save money while ensuring you have the right coverage for your needs Car insurance is a necessity for drivers in Oklahoma, but that doesn’t mean it has to break the bank. Whether you&#8217;re a new driver or looking to [&hellip;]","333","1985","","0","0","","0","0","Indexable",""
"https://cheapestcarinsurancetulsa.com/blog/cheapest-renters-insurance","1","Cheapest Renters Insurance Cheapest Renters Insurance: Affordable Protection for Your Belongings Renters insurance provides a cost-effective way to safeguard your personal property and secure financial peace of mind. Whether you&#8217;re renting an apartment, a house, or a shared living space, this type of insurance ensures that you won&#8217;t bear the financial burden of unexpected events. [&hellip;]","405","2403","","0","0","","0","0","Indexable",""
"https://cheapestcarinsurancetulsa.com/blog/top-ways-tulsa-drivers-can-save-on-their-car-insurance","1","Meta Description: &#8220;Tulsa drivers can save big on car insurance with easy tips and tricks. Learn how to cut costs while ensuring comprehensive coverage today!","163","980","","0","0","","0","0","Indexable",""
"https://cheapestcarinsurancetulsa.com/blog/is-online-car-insurance-safe-what-you-should-know-before-buying-in-tulsa-oklahoma","1","Buying car insurance online is more common than ever. In Tulsa, Oklahoma, residents are turning to the internet for faster quotes, lower rates, and easy comparisons. But just because it’s convenient doesn’t mean it’s risk-free. This guide will walk you through everything you need to know about the safety of buying car insurance online, the [&hellip;]","352","2104","","0","0","","0","0","Indexable",""
"https://cheapestcarinsurancetulsa.com/blog/ai-solutions-transforming-insurance-industry-challenges-how-artificial-intelligence-enhances-claims-underwriting-risk-management-and-customer-experience","1","AI Solutions Transforming Insurance Industry Challenges Artificial Intelligence is revolutionizing every stage of the insurance lifecycle by automating manual tasks, accelerating decision making, and improving risk analytics to deliver measurable efficiency gains. Independent agents and agency leaders face mounting pressure to reduce processing delays, control fraud, and personalize customer interactions—all while maintaining strict compliance. How [&hellip;]","463","2823","","0","0","","0","0","Indexable",""
"https://cheapestcarinsurancetulsa.com/blog/modernize-insurance-agencies-with-quotelys-insurtech-operating-system","1","Insurance agencies can lose up to 30 percent of revenue to manual inefficiencies, making an integrated operating system platform essential for sustainable growth. This guide explains how an insurtech operating system like Quotely streamlines core agency operations, automates workflows, and accelerates digital transformation while keeping independent agents, sales teams, and agency owners at the center. [&hellip;]","416","2567","","0","0","","0","0","Indexable",""
"https://cheapestcarinsurancetulsa.com/blog/why-oklahoma-city-drivers-need-comprehensive-car-insurance-coverage","1","Oklahoma City, like many metropolitan areas, presents unique challenges for drivers. From unpredictable weather patterns to the risks of theft and vandalism, ensuring your vehicle is fully protected is crucial. Many drivers opt for the minimum required liability insurance, which only covers damage you cause to others, but it doesn’t address damage to your own [&hellip;]","372","2240","","0","0","","0","0","Indexable",""
"https://cheapestcarinsurancetulsa.com/blog/tulsa-child-safety-insurance-tips","1","Introduction Safe Road Travels for Children is a top priority for every parent and guardian. Whether you’re driving to school, sports practice, or a family outing, understanding local safety laws and securing the right car insurance can make all the difference. This comprehensive guide covers the most effective strategies for safe road travels for children [&hellip;]","369","2183","","0","0","","0","0","Indexable",""
"https://cheapestcarinsurancetulsa.com/blog/travel-like-a-pro","1","Travel Like a Pro: Master the Art of Budget-Friendly Adventures Traveling the world doesn&#8217;t have to break the bank. With the right strategies and a little planning, you can explore new destinations, experience different cultures, and create unforgettable memories—all while staying within your budget. From finding affordable flights and accommodations to discovering local gems off [&hellip;]","399","2370","","0","0","","0","0","Indexable",""
"https://cheapestcarinsurancetulsa.com/blog/navigating-car-accidents-insured-vs-uninsured-car-owners-in-the-us","1","What would you do if involved in a car accident with someone lacking insurance? It&#8217;s a situation that many drivers in the US may face, despite the law violation by non-insured car drivers. This report on car accidents in the US will guide you through understanding liability, highlight the financial stakes for insured versus uninsured [&hellip;]","352","2038","","0","0","","0","0","Indexable",""
"https://cheapestcarinsurancetulsa.com/blog/motorworld-sydney-auto-show","2","} Discover the Future of Cars at MotorWorld Sydney 2016 Cheapest Auto Insurance Oklahoma Quote Now Cheapest Insurance Blog Page About Us Blog Page Weather Discover MotorWorld Sydney: The Premier Automotive Festival Published by Cheap Auto on January 26, 2025 &nbsp; Discover MotorWorld Sydney: The Premier Automotive Festival&nbsp;MotorWorld Sydney MotorWorld Sydney: A Groundbreaking Automotive Festival [&hellip;]","415","2612","MotorWorld Sydney: Join the innovative 2016 automotive festival showcasing the latest vehicles and technology. Don’t miss out on this unique experience!","152","956","","0","0","Indexable",""
"https://cheapestcarinsurancetulsa.com/blog/understanding-car-insurance","1","Have you ever been perplexed by the variety of car insurance options available? Many drivers find themselves questioning how to choose coverage that fully protects without breaking the bank. This guide will walk you through understanding car insurance, spotlighting how to select a safe auto insurance company and illuminating the differences between general insurance and [&hellip;]","383","2346","","0","0","","0","0","Indexable",""
"https://cheapestcarinsurancetulsa.com/contact","1","Contact - Cheapest Car Insurance Tulsa","38","245","","0","0","","0","0","Indexable",""
"https://cheapestcarinsurancetulsa.com/contact-us","1","Contact Us Contact Information: Cheapest Car Insurance Tulsa Contact Method Details | Cheapestcarinsurancetulsa.com Office Phone (918)794-6993 Call or Text Email info@cheapestautoinsurancetulsa.com Address 6010 S 66th E. Ave Suite C Tulsa, OK 74145 Business Hours Sunday – Saturday, 12:00 AM – 12:00 PM 24/7 Oklahoma Auto Insurance Carriers: Customer Service Contact Information Insurance Carrier Customer Service [&hellip;]","424","2717","","0","0","","0","0","Indexable",""
"https://www.cheapestcarinsurancetulsa.com/","1","Compare auto insurance from 10 carriers including Progressive, GEICO, Safeco & more. Get free quotes from a licensed Oklahoma independent agency. No obligation.","160","1026","","0","0","","0","0","Non-Indexable","Canonicalised"
"https://www.cheapestcarinsurancetulsa.com/blog/maximize-cost-savings-with-ai-automation-in-insurance-how-to-reduce-costs-and-boost-efficiency","1","AI-driven automation in insurance unlocks cost savings from insurance automation exceeding 40% by streamlining claims, underwriting, and fraud detection. This guide shows independent agents, operations managers, and CFOs how to identify inefficiencies, implement cutting-edge AI technologies, and quantify financial impact. We cover how AI reduces operational costs, accelerates claims processing, enhances fraud prevention, optimizes underwriting, [&hellip;]","459","2843","","0","0","","0","0","Non-Indexable","Canonicalised"
"https://www.cheapestcarinsurancetulsa.com/quote","1","Get a free car insurance quote in Tulsa. Compare rates from multiple providers and save money on your auto coverage.","116","734","","0","0","","0","0","Non-Indexable","Canonicalised"
"https://www.cheapestcarinsurancetulsa.com/blog","1","Read our latest articles about car insurance, tips for saving money, and industry news.","87","531","","0","0","","0","0","Non-Indexable","Canonicalised"
"https://www.cheapestcarinsurancetulsa.com/editorial-standards","1","Learn about our editorial standards, fact-checking process, and commitment to providing accurate, helpful insurance information for Oklahoma drivers.","149","934","","0","0","","0","0","Non-Indexable","Canonicalised"
"https://www.cheapestcarinsurancetulsa.com/terms","1","Terms of service for Cheapest Car Insurance Tulsa website and services.","71","451","","0","0","","0","0","Non-Indexable","Canonicalised"
"https://www.cheapestcarinsurancetulsa.com/accessibility","1","Accessibility statement for Cheapest Car Insurance Tulsa. Our commitment to digital accessibility.","98","609","","0","0","","0","0","Non-Indexable","Canonicalised"
"https://www.cheapestcarinsurancetulsa.com/blog/ezlynx-ams-crm-rater-a-practical-breakdown-for-independent-insurance-agencies","1","Independent agencies don't lack software options — they lack clarity. Many platforms bundle AMS, CRM, and rating into a single system, promising efficiency while quietly introducing friction. A detailed breakdown of EZLynx AMS, CRM, and rating software.","253","1578","","0","0","","0","0","Non-Indexable","Canonicalised"
"https://www.cheapestcarinsurancetulsa.com/sms-terms","1","SMS text messaging terms and conditions for Cheapest Car Insurance Tulsa. Learn about message frequency, opt-out instructions, and your rights.","143","911","","0","0","","0","0","Non-Indexable","Canonicalised"
"https://www.cheapestcarinsurancetulsa.com/oklahoma-car-insurance-guide","1","Complete guide to car insurance in Oklahoma. Learn about state minimum requirements (25/50/25), coverage types, how to save money, and get free quotes from licensed agents.","172","1109","","0","0","","0","0","Non-Indexable","Canonicalised"
"https://www.cheapestcarinsurancetulsa.com/about","1","Learn about Cheapest Car Insurance Tulsa, a licensed independent insurance agency in Tulsa, OK. Meet our founder Dustin Wyzard and discover why thousands trust us for car insurance.","181","1150","","0","0","","0","0","Non-Indexable","Canonicalised"
"https://www.cheapestcarinsurancetulsa.com/industry-news","1","Stay informed with the latest auto insurance news from Progressive, GEICO, and Insurance Journal. Coverage includes Oklahoma insurance updates, rate changes, and industry trends.","178","1131","","0","0","","0","0","Non-Indexable","Canonicalised"
"https://www.cheapestcarinsurancetulsa.com/blog/auto-and-home-insurance-rater-software-compare-quotes-save-time-and-boost-agency-efficiency","1","Auto and Home Insurance Rater Insurance agents often spend significant time on manual quoting, re-entering client data across multiple carrier portals and risking errors that increase costs. An insurance multi-carrier rater centralizes auto and home policy quotes in real time, automating data entry, enforcing underwriting rules, and delivering competitive rates in seconds. This guide explores [&hellip;]","406","2437","","0","0","","0","0","Non-Indexable","Canonicalised"
"https://www.cheapestcarinsurancetulsa.com/faq","1","Answers to frequently asked questions about car insurance in Oklahoma. Learn about coverage requirements, costs, how to save money, and more.","141","911","","0","0","","0","0","Non-Indexable","Canonicalised"
"https://www.cheapestcarinsurancetulsa.com/privacy","1","Privacy policy for Cheapest Car Insurance Tulsa. Learn how we collect, use, and protect your personal information.","114","706","","0","0","","0","0","Non-Indexable","Canonicalised"
"https://www.cheapestcarinsurancetulsa.com/blog/navigating-the-claims-process-for-totaled-vehicles","1","When your vehicle is deemed a total loss, the sudden expense can send shockwaves through your finances, particularly when you consider car insurance rates in the wake of such an event. Factors like depreciation cut deep into the perceived value of your car, often leaving you at odds with the insurance company&#8216;s assessment. In Louisiana, [&hellip;]","355","2125","","0","0","","0","0","Non-Indexable","Canonicalised"
"https://www.cheapestcarinsurancetulsa.com/blog/find-the-best-car-insurance-in-tulsa-oklahoma-a-comprehensive-guide","1","Are you a Tulsa driver struggling to find affordable car insurance? We understand the challenge of navigating Oklahoma&#8216;s insurance requirements, especially for college students at the University of Tulsa or those living in flood-prone areas. This guide will help you compare top providers, explore coverage options for high-risk drivers, and discover savings opportunities. Learn how [&hellip;]","400","2361","","0","0","","0","0","Non-Indexable","Canonicalised"
"https://www.cheapestcarinsurancetulsa.com/blog/ezlynx-ams-crm-rater","1","3.1 SERP Analysis Interpretation Top Competitors Content Formats and Structures SERP Features Captured Impact of SERP Features on Organic Click-through Rates Research indicates that Search Engine Result Pages (SERP) features, such as knowledge panels and FAQs, play a crucial role in influencing click-through rates (CTR) and user behavior. These features can significantly amplify or attenuate [&hellip;]","405","2506","","0","0","","0","0","Non-Indexable","Canonicalised"
"https://www.cheapestcarinsurancetulsa.com/blog/types-of-car-insurance-coverage-explained","1","Car insurance coverage can be confusing, but this easy guide simplifies the essentials. Get clear explanations and make informed choices for protection.","152","945","","0","0","","0","0","Non-Indexable","Canonicalised"
"https://www.cheapestcarinsurancetulsa.com/blog/the-ultimate-guide-to-self-care-daily-habits-to-boost-your-mood","1","The Ultimate Guide to Self-Care: Daily Habits to Boost Your Mood In today&#8217;s fast-paced world, it&#8217;s easy to get caught up in the whirlwind of daily responsibilities and forget to take care of ourselves.","213","1209","","0","0","","0","0","Non-Indexable","Canonicalised"
"https://cheapestcarinsurancetulsa.com/?swcfpc=1","1","Compare auto insurance from 10 carriers including Progressive, GEICO, Safeco & more. Get free quotes from a licensed Oklahoma independent agency. No obligation.","160","1026","","0","0","","0","0","Non-Indexable","Canonicalised"
"https://www.cheapestcarinsurancetulsa.com/blog/auto-insurance-strategies-for-extreme-weather-preparedness","1","Auto insurance plays a key role in safeguarding against natural disasters. Learn how proper coverage can minimize financial stress when calamities strike.","154","955","","0","0","","0","0","Non-Indexable","Canonicalised"
"https://www.cheapestcarinsurancetulsa.com/blog/blog-post-title","1","Read Blog Post Title on Cheapest Car Insurance Tulsa","52","334","","0","0","","0","0","Non-Indexable","Canonicalised"
"https://www.cheapestcarinsurancetulsa.com/blog/cheaper-auto-insurance-oklahoma","1","Lower your auto insurance prices Savings starts here Affordable cheap auto insurance in Oklahoma Learn More Oklahoma’s Guide to Budget Auto Insurance Solutions Are you tired of overpaying for car insurance in Oklahoma? Whether you&#8217;re driving a rugged Jeep Wrangler, a family-friendly Chevrolet Malibu, or an eco-conscious Tesla Model 3, finding the right coverage at [&hellip;]","383","2318","","0","0","","0","0","Non-Indexable","Canonicalised"
"https://www.cheapestcarinsurancetulsa.com/blog/10-common-mistakes-tulsa-drivers-make-when-buying-auto-insurance","1","&#65279; 10 Common Mistakes Tulsa Drivers Make When Buying Auto Insurance Purchasing auto insurance in Tulsa, Oklahoma, can feel like navigating a maze of options, rates, and fine print. With the city&#8217;s unique driving conditions, from congested urban streets to unpredictable weather, choosing the right policy is critical to staying protected without overpaying. However, many [&hellip;]","394","2310","","0","0","","0","0","Non-Indexable","Canonicalised"
"https://www.cheapestcarinsurancetulsa.com/blog/navigating-oklahoma-roads-a-comprehensive-guide-to-driving-and-car-insurance-in-ok","1","Are you a driver in Oklahoma struggling to understand the state&#8217;s road rules and insurance requirements? This guide will help you navigate Oklahoma&#8216;s roads safely and choose the right car insurance. We&#8217;ll cover essential topics like bodily injury coverage, personal injury protection, and how to find cheap car insurance that fits your budget. Whether you&#8217;re [&hellip;]","393","2205","","0","0","","0","0","Non-Indexable","Canonicalised"
"https://www.cheapestcarinsurancetulsa.com/blog/tulsa-best-car-insurance","1","Drive Smarter With Insurance That Saves You More Every Mile Click Here To Start Your Auto Quote Now. Find Tulsa&#8216;s Cheapest Car Insurance and Drive Cost-Effectively! Maximize Discounts Without Compromising Coverage MILE Find Tulsa&#8217;s Cheapest Car Insurance and Drive Cost-Effectively! Whether you live in Tulsa or the surrounding areas, having affordable car insurance [&hellip;]","389","2339","","0","0","","0","0","Non-Indexable","Canonicalised"
"https://www.cheapestcarinsurancetulsa.com/blog/ai-automation-advantages-transforming-insurance-operations","1","AI Automation Advantages Transforming Insurance Operations The insurance industry is undergoing a significant transformation, driven by the integration of Artificial Intelligence (AI) automation. These advanced technologies are revolutionizing how insurers operate, from underwriting and claims processing to customer service and risk management. By leveraging AI automation, insurance companies can enhance accuracy, improve efficiency, and deliver superior [&hellip;]","469","2897","","0","0","","0","0","Non-Indexable","Canonicalised"
"https://www.cheapestcarinsurancetulsa.com/blog/why-ai-is-making-legacy-insurance-raters-obsolete","1","The insurance industry is experiencing a paradigm shift as artificial intelligence transforms how policies are rated and priced. Legacy rating systems, once the backbone of insurance operations, are struggling to keep pace with modern demands. The Evolution of Insurance Rating Traditional insurance rating systems have served the industry for decades, but their limitations are becoming [&hellip;]","398","2418","","0","0","","0","0","Non-Indexable","Canonicalised"
"https://www.cheapestcarinsurancetulsa.com/blog/understanding-premium-vs-standard-car-insurance-in-oklahoma","1","Are you confused about the difference between premium and standard car insurance in Oklahoma? This guide will clarify the key distinctions between these two options, helping you make an informed decision. We&#8217;ll explore the coverage limits, costs, and benefits of each type, focusing on how Oklahoma laws impact your choices. By the end, you&#8217;ll understand [&hellip;]","377","2238","","0","0","","0","0","Non-Indexable","Canonicalised"
"https://www.cheapestcarinsurancetulsa.com/blog/comprehensive-guide-to-comparative-rating-software-for-independent-insurance-agents","1","Insurance Technology Independent insurance agencies often spend up to 40% of their workday manually pulling rate sheets and contacting carriers, which drains resources and delays proposals. This guide defines comparative rating software, explains how real-time multi-carrier quoting accelerates efficiency, and details the critical features that drive sales growth. References:&nbsp;Zywave Personal Lines&nbsp;|&nbsp;TurboRater What Is Comparative Rating [&hellip;]","465","2752","","0","0","","0","0","Non-Indexable","Canonicalised"
"https://www.cheapestcarinsurancetulsa.com/car-insurance-glenpool","1","Compare car insurance rates in Glenpool, Oklahoma from 10 carriers. Get free quotes from a licensed independent agency. Serving Glenpool and Tulsa County.","154","981","","0","0","","0","0","Non-Indexable","Canonicalised"
"https://www.cheapestcarinsurancetulsa.com/progressive-car-insurance","1","Get Progressive car insurance quotes in Tulsa, Oklahoma. Compare rates from Progressive and other carriers through our licensed independent agency. Free quotes, no obligation.","175","1105","","0","0","","0","0","Non-Indexable","Canonicalised"
"https://www.cheapestcarinsurancetulsa.com/car-insurance-sand-springs","1","Compare car insurance rates in Sand Springs, Oklahoma from 10 carriers. Get free quotes from a licensed independent agency. Serving Sand Springs and Tulsa County.","162","1035","","0","0","","0","0","Non-Indexable","Canonicalised"
"https://www.cheapestcarinsurancetulsa.com/car-insurance-collinsville","1","Compare car insurance rates in Collinsville, Oklahoma from 10 carriers. Get free quotes from a licensed independent agency. Serving Collinsville and Tulsa County.","162","1003","","0","0","","0","0","Non-Indexable","Canonicalised"
"https://www.cheapestcarinsurancetulsa.com/car-insurance-jenks","1","Compare car insurance rates in Jenks, Oklahoma from 10 carriers. Get free quotes from a licensed independent agency. Serving Jenks and Tulsa County.","148","945","","0","0","","0","0","Non-Indexable","Canonicalised"
"https://www.cheapestcarinsurancetulsa.com/car-insurance-sapulpa","1","Compare car insurance rates in Sapulpa, Oklahoma from 10 carriers. Get free quotes from a licensed independent agency. Serving Sapulpa and Creek County.","152","973","","0","0","","0","0","Non-Indexable","Canonicalised"
"https://www.cheapestcarinsurancetulsa.com/car-insurance-bixby","1","Compare car insurance rates in Bixby, Oklahoma from 10 carriers. Get free quotes from a licensed independent agency. Serving Bixby and Tulsa County.","148","938","","0","0","","0","0","Non-Indexable","Canonicalised"
"https://www.cheapestcarinsurancetulsa.com/car-insurance-broken-arrow","1","Compare car insurance rates in Broken Arrow, Oklahoma from 10 carriers. Get free quotes from a licensed independent agency. Serving Broken Arrow and Tulsa County.","162","1038","","0","0","","0","0","Non-Indexable","Canonicalised"
"https://www.cheapestcarinsurancetulsa.com/car-insurance-owasso","1","Compare car insurance rates in Owasso, Oklahoma from 10 carriers. Get free quotes from a licensed independent agency. Serving Owasso and Tulsa County.","150","972","","0","0","","0","0","Non-Indexable","Canonicalised"
"https://www.cheapestcarinsurancetulsa.com/blog/insurance-agent-platform-how-to-boost-agency-productivity-and-operational-intelligence","1","Independent insurance agencies leveraging an operational intelligence platform can increase productivity by up to 30% while maintaining full regulatory oversight. In this guide, you will learn how a modern Insurance Agent Platform consolidates data, automates workflows, enforces compliance, and drives strategic decision-making through real-time analytics. We&#8217;ll cover the core concept and essential features, explore operational [&hellip;]","447","2679","","0","0","","0","0","Non-Indexable","Canonicalised"
"https://www.cheapestcarinsurancetulsa.com/blog/affordable-car-insurance-oklahoma","1","Insure your Chevrolet with Oklahoma&#8217;s top vehicle coverage solutions. Unlock Savings With Oklahoma&#8217;s Top Budget Car Insurance Options Oklahoma drivers find premium coverage for luxury cars at sensible rates. Cheapest Car Insurance Insuring your SUV or truck could save you hundreds annually. Owners of Chevrolet Silverados get quotes and coverage with Cameras on streets a [&hellip;]","395","2385","","0","0","","0","0","Non-Indexable","Canonicalised"
"https://www.cheapestcarinsurancetulsa.com/blog/save-money-on-car-insurance","1","Car insurance is a must, but that doesn’t mean you have to pay more than you should.Here&#8217;s a list of 10 smart, proven strategies to help you save money on your premiums—without sacrificing coverage. 1. Compare Multiple Insurance Quotes to Save Money Never settle for the first quote you get. Prices can vary widely between [&hellip;]","339","2039","","0","0","","0","0","Non-Indexable","Canonicalised"
"https://www.cheapestcarinsurancetulsa.com/blog/https-cheapestcarinsurancetulsa-com-top-10-reliable-cars-for-every-budget-in-tulsa","1","Discover the top 10 reliable cars for every budget in Tulsa. From affordable options for first-time buyers to high-end models, find the perfect vehicle for your needs today! Tulsa residents rely on dependable vehicles to navigate their busy lives. Whether it’s commuting to work, running errands, or heading out on a road trip, having a [&hellip;]","347","2050","","0","0","","0","0","Non-Indexable","Canonicalised"
"https://www.cheapestcarinsurancetulsa.com/blog/gail-insurtech-platform-how-ai-empowers-independent-insurance-agents-to-boost-sales-and-efficiency","1","Independent insurance agencies can increase productivity by up to 30 percent when they integrate artificial intelligence into their workflows. Gail by Nothing Technologies Inc is an AI-powered Insurtech SaaS platform that automates routine tasks, delivers predictive customer engagement, and accelerates policy issuance—all in a single web interface. In this guide, you will discover what Gail [&hellip;]","404","2430","","0","0","","0","0","Non-Indexable","Canonicalised"
"https://www.cheapestcarinsurancetulsa.com/blog/save-money-insurance","2","Progressive Auto Insurance in Oklahoma: Affordable Coverage and Roadside Assistance Looking for affordable and reliable auto insurance in Oklahoma? At cheapestcarinsurancetulsa.com, we provide drivers access to Progressive auto insurance, known for its flexible coverage options, competitive rates, and excellent customer service. Whether you need liability, comprehensive, or collision coverage, Progressive has options to meet your [&hellip;]","444","2736","Progressive Auto Insurance in Oklahoma offers competitive rates, coverage options for tornadoes, and multi-policy discounts. Learn more about pricing and policies.","163","1018","","0","0","Non-Indexable","Canonicalised"
"https://www.cheapestcarinsurancetulsa.com/blog/insights","1","Section Title Drive Smart in Oklahoma With Budget-Friendly Car Insurance Solutions Bycheapestcarinsurance November 29, 2024 Insure your Chevrolet with Oklahoma&#8217;s top vehicle coverage solutions. Unlock Savings With Oklahoma&#8217;s Top Budget Car Insurance Options Oklahoma drivers find premium coverage for luxury cars&#8230; Read More Everything You Must Know About Auto Insurance in Oklahoma ByJaycee Joy Cortez [&hellip;]","430","2625","","0","0","","0","0","Non-Indexable","Canonicalised"
"https://www.cheapestcarinsurancetulsa.com/blog/ok","1","Oklahoma&#8217;s roadsOklahoma&#8217;s uninsured driver rates drop significantly University of Oklahoma law enforcement uninsured vehicle diversion programs Oklahoma City inks deal for statewide camera network to catch uninsured drivers. The tech behind uninsured vehicle diversion programs Oklahoma&#8217;s Uninsured Vehicle Enforcement Diversion Program Oklahoma&#8216;s Uninsured Vehicle Enforcement Diversion (UVED) program, overseen by the Oklahoma District Attorneys Council [&hellip;]","491","2954","","0","0","","0","0","Non-Indexable","Canonicalised"
"https://www.cheapestcarinsurancetulsa.com/blog/how-to-calculate-your-car-insurance-premiums-a-comprehensive-guide","1","Are you struggling to understand how your car insurance premiums are calculated? This comprehensive guide will demystify the process, helping you make informed decisions about your personal auto insurance. We&#8217;ll break down the key factors that influence your price, explain how to gather essential information, and provide a step-by-step approach to estimating your premiums. By [&hellip;]","395","2395","","0","0","","0","0","Non-Indexable","Canonicalised"
"https://www.cheapestcarinsurancetulsa.com/blog/why-ai-driven-insurance-software-outperforms-traditional-methods","1","Why AI-Driven Insurance Software Outperforms Traditional Methods The insurance industry has long relied on manual processes, legacy systems, and rule-based automation. However, the emergence of AI-driven insurance software is reshaping the landscape, delivering unprecedented speed, accuracy, and efficiency. As agencies face mounting pressure to reduce costs, improve customer experience, and stay competitive, AI-powered solutions are proving to [&hellip;]","458","2860","","0","0","","0","0","Non-Indexable","Canonicalised"
"https://www.cheapestcarinsurancetulsa.com/blog/ai-automation-benefits-for-efficiency-in-insurance-how-ai-enhances-operations-accuracy-and-customer-experience","1","Artificial Intelligence (AI) automation in insurance transforms traditional workflows by autonomously extracting data, analyzing risk, and engaging customers, delivering both time savings and cost reductions. Improving efficiency with AI in insurance unlocks faster claims settlements, precise underwriting, and personalized client interactions—core themes we&#8217;ll explore across operations, claims processing, underwriting, customer experience, agency productivity, ROI, and [&hellip;]","490","2933","","0","0","","0","0","Non-Indexable","Canonicalised"
"https://www.cheapestcarinsurancetulsa.com/blog/child-safety-driving-with-babies","1","Ensuring the safety of our children while driving is paramount, especially in bustling environments like Tulsa. Driving safely with your children demands attention to detail, especially in a city where traffic can be ext&#8230;","227","1318","","0","0","","0","0","Non-Indexable","Canonicalised"
"https://www.cheapestcarinsurancetulsa.com/blog/tulsa-child-safety-insurance-tips","1","Introduction Safe Road Travels for Children is a top priority for every parent and guardian. Whether you’re driving to school, sports practice, or a family outing, understanding local safety laws and securing the right car insurance can make all the difference. This comprehensive guide covers the most effective strategies for safe road travels for children [&hellip;]","369","2183","","0","0","","0","0","Non-Indexable","Canonicalised"
"https://www.cheapestcarinsurancetulsa.com/blog/car-insurance-in-oklahoma","1","Are you a new or savvy driver in the Sooner State? Understanding car insurance in Oklahoma can save you money and give you the confidence to hit the road. Whether you&#8217;re seeking legal coverage, deductibles that make sense, or protection that fits your lifestyle, this guide will steer you in the right direction. 1. Driving [&hellip;]","340","1974","","0","0","","0","0","Non-Indexable","Canonicalised"
"https://www.cheapestcarinsurancetulsa.com/blog/full-coverage-car-insurance-2024","1","Discover why full coverage car insurance is the best choice to fully protect your vehicle from accidents, theft, and more. When it comes to protecting your vehicle, the term &#8220;full coverage&#8221; car insurance often comes up. But what does it really mean, and is it worth the extra cost? Understanding the ins and outs of [&hellip;]","338","1933","","0","0","","0","0","Non-Indexable","Canonicalised"
"https://www.cheapestcarinsurancetulsa.com/blog/deepseek-r1-model","1","DeepSeek R1 Ai Model Published by Cheap Auto on January 27, 2025 DeepSeek-R1: A Technical Analysis and Market Impact Assessment The release of DeepSeek-R1 represents a watershed moment in artificial intelligence development, challenging the dominance of closed-source commercial models while demonstrating comparable or superior performance across key benchmarks. This analysis examines the technical architecture, performance [&hellip;]","437","2795","","0","0","","0","0","Non-Indexable","Canonicalised"
"https://www.cheapestcarinsurancetulsa.com/blog/updating-your-car-insurance-policy-following-significant-life-events-2","1","Life is a stream of change, bringing new beginnings that echo through all facets, including your car insurance. Whether you&#8217;re buzzing with joy as a newlywed in Nebraska or navigating roads lined with live oaks in Louisiana, each milestone might signal a need for policy review. Moving to fresh horizons, nestling into a new home [&hellip;]","346","2038","","0","0","","0","0","Non-Indexable","Canonicalised"
"https://www.cheapestcarinsurancetulsa.com/blog/why-tulsa-drivers-should-consider-uninsured-motorist-coverage","1","Ensure your protection on the road. Tulsa drivers should consider uninsured motorist coverage for peace of mind. Stay safe and secure while driving.","148","918","","0","0","","0","0","Non-Indexable","Canonicalised"
"https://www.cheapestcarinsurancetulsa.com/blog/3-7equity-auto-insurance","3","Equity Auto Insurance **Drive Confident with Ford, Chevrolet, Dodge, Nissan, Jeep Coverage!** Equity Auto Insurance Oklahoma Equity Insurance Auto Insurance Oklahoma offers GMC and Pontiac owners competitive pricing. Their Policy Holder consistently present low auto rates, saving you money. Experience affordability with their cheap auto prices for Oklahoma drivers. Secure your savings now; explore Equity&#8217;s [&hellip;]","426","2589","Equity Auto Insurance provides affordable coverage options with low down payments and no impact from credit scores.","115","742","Equity Auto Insurance offers affordable non-standard auto insurance solutions for high-risk drivers in Oklahoma.","112","694","Non-Indexable","Canonicalised"
"https://www.cheapestcarinsurancetulsa.com/blog/modernize-insurance-agencies-with-quotelys-insurtech-operating-system-2","1","Insurance agencies can lose up to 30 percent of revenue to manual inefficiencies, making an integrated operating system platform essential for sustainable growth. This guide explains how an insurtech operating system like Quotely streamlines core agency operations, automates workflows, and accelerates digital transformation while keeping independent agents, sales teams, and agency owners at the center. [&hellip;]","416","2567","","0","0","","0","0","Non-Indexable","Canonicalised"
"https://www.cheapestcarinsurancetulsa.com/blog/navigating-car-accidents-insured-vs-uninsured-car-owners-in-the-us","1","What would you do if involved in a car accident with someone lacking insurance? It&#8217;s a situation that many drivers in the US may face, despite the law violation by non-insured car drivers. This report on car accidents in the US will guide you through understanding liability, highlight the financial stakes for insured versus uninsured [&hellip;]","352","2038","","0","0","","0","0","Non-Indexable","Canonicalised"
"https://www.cheapestcarinsurancetulsa.com/blog/modernize-insurance-agencies-with-quotelys-insurtech-operating-system","1","Insurance agencies can lose up to 30 percent of revenue to manual inefficiencies, making an integrated operating system platform essential for sustainable growth. This guide explains how an insurtech operating system like Quotely streamlines core agency operations, automates workflows, and accelerates digital transformation while keeping independent agents, sales teams, and agency owners at the center. [&hellip;]","416","2567","","0","0","","0","0","Non-Indexable","Canonicalised"
"https://www.cheapestcarinsurancetulsa.com/blog/is-your-car-properly-insured","1","Is your car properly insured? Use our quick checklist to make sure you have the right car insurance coverage for peace of mind on the road! Ensuring Your Car Is Fully&nbsp;Insured: Essential Checklist for Complete Coverage Are you confident your car&nbsp;insurance&nbsp;provides complete protection? Many drivers unknowingly have gaps in their coverage, leaving them vulnerable to [&hellip;]","391","2282","","0","0","","0","0","Non-Indexable","Canonicalised"
"https://www.cheapestcarinsurancetulsa.com/blog/is-online-car-insurance-safe-what-you-should-know-before-buying-in-tulsa-oklahoma","1","Buying car insurance online is more common than ever. In Tulsa, Oklahoma, residents are turning to the internet for faster quotes, lower rates, and easy comparisons. But just because it’s convenient doesn’t mean it’s risk-free. This guide will walk you through everything you need to know about the safety of buying car insurance online, the [&hellip;]","352","2104","","0","0","","0","0","Non-Indexable","Canonicalised"
"https://www.cheapestcarinsurancetulsa.com/blog/cheapest-renters-insurance","1","Cheapest Renters Insurance Cheapest Renters Insurance: Affordable Protection for Your Belongings Renters insurance provides a cost-effective way to safeguard your personal property and secure financial peace of mind. Whether you&#8217;re renting an apartment, a house, or a shared living space, this type of insurance ensures that you won&#8217;t bear the financial burden of unexpected events. [&hellip;]","405","2403","","0","0","","0","0","Non-Indexable","Canonicalised"
"https://www.cheapestcarinsurancetulsa.com/blog/how-ai-automation-transforms-cost-efficiency-in-insurance-key-benefits-and-implementation-strategies","1","Artificial intelligence (AI) automation can reduce insurance operational expenses by up to 30 percent by streamlining manual workflows, improving fraud detection, and optimizing underwriting decisions. Independent agents, sales teams, operations managers, agency owners, and CFOs will gain actionable insights into how cost savings from insurance automation translate into tangible ROI and competitive advantage. By: Dustin [&hellip;]","434","2673","","0","0","","0","0","Non-Indexable","Canonicalised"
"https://www.cheapestcarinsurancetulsa.com/blog/understanding-how-to-file-an-auto-insurance-claim","1","Learn how to file an auto insurance claim like a pro with simple tips and insider advice. Get your claim processed smoothly and stress-free today!","146","896","","0","0","","0","0","Non-Indexable","Canonicalised"
"https://www.cheapestcarinsurancetulsa.com/blog/ai-automation-benefits-in-insurance-software-how-ai-enhances-efficiency-accuracy-and-customer-experience","1","AI Automation Benefits in Insurance Software A significant number of insurance agencies are planning to adopt AI platforms in the near future, making AI automation benefits in insurance software a critical competitive advantage. A recent survey indicates that a substantial percentage of insurance agencies plan to adopt AI platforms within the next few years to [&hellip;]","373","2258","","0","0","","0","0","Non-Indexable","Canonicalised"
"https://www.cheapestcarinsurancetulsa.com/blog/tulsa-teen-drivers-tips-for-affordable-car-insurance","1","Find affordable car insurance tips for Tulsa teen drivers. Learn how to save money while securing the right coverage for safe driving today!","140","854","","0","0","","0","0","Non-Indexable","Canonicalised"
"https://www.cheapestcarinsurancetulsa.com/blog/why-oklahoma-city-drivers-need-comprehensive-car-insurance-coverage","1","Oklahoma City, like many metropolitan areas, presents unique challenges for drivers. From unpredictable weather patterns to the risks of theft and vandalism, ensuring your vehicle is fully protected is crucial. Many drivers opt for the minimum required liability insurance, which only covers damage you cause to others, but it doesn’t address damage to your own [&hellip;]","372","2240","","0","0","","0","0","Non-Indexable","Canonicalised"
"https://www.cheapestcarinsurancetulsa.com/blog/buying-auto-insurance-guide","1","Introduction If you&#8217;re a first-time car owner or driver in Oklahoma, buying auto insurance can feel confusing. With so many types of coverage and legal requirements, it’s easy to feel overwhelmed. Don’t worry — this beginner-friendly guide will help you understand the basics, what to look for, and how to make smart decisions when buying [&hellip;]","355","2099","","0","0","","0","0","Non-Indexable","Canonicalised"
"https://www.cheapestcarinsurancetulsa.com/blog/top-ways-tulsa-drivers-can-save-on-their-car-insurance","1","Meta Description: &#8220;Tulsa drivers can save big on car insurance with easy tips and tricks. Learn how to cut costs while ensuring comprehensive coverage today!","163","980","","0","0","","0","0","Non-Indexable","Canonicalised"
"https://www.cheapestcarinsurancetulsa.com/blog/teen-insure-tips","1","00.01 Essential Car Insurance Tips for New Teen Drivers Teens may qualify for car insurance discounts through defensive driving courses, good grades, and low-mileage discounts. Many insurance companies offer programs to help young drivers reduce their vehicle insurance rates, and guardians may want to explore options like multi-policy discounts if they have home insurance or [&hellip;]","388","2387","","0","0","","0","0","Non-Indexable","Canonicalised"
"https://www.cheapestcarinsurancetulsa.com/blog/factors-that-affect-your-car-insurance-premium","1","Unlock the secrets behind car insurance premiums! Learn what factors determine costs and how to save money for better coverage. Get informed today!","147","943","","0","0","","0","0","Non-Indexable","Canonicalised"
"https://www.cheapestcarinsurancetulsa.com/blog/comprehensive-guide-to-car-insurance-in-tulsa-oklahoma","1","Are you overpaying for car insurance in Tulsa and feeling lost amidst fluctuating rates? This guide takes the confusion out of understanding car insurance requirements in Oklahoma, helping you navigate through the various types available, and providing strategies to ensure customer satisfaction. With costs on most drivers&#8217; minds, especially after recent Oklahoma Senate decisions that [&hellip;]","403","2409","","0","0","","0","0","Non-Indexable","Canonicalised"
"https://www.cheapestcarinsurancetulsa.com/blog/comparing-full-coverage-vs-liability-insurance-for-oklahoma-drivers","1","Understanding liability and full coverage can simplify insurance choices. Find the best option for peace of mind and protect your assets effectively.","149","906","","0","0","","0","0","Non-Indexable","Canonicalised"
"https://www.cheapestcarinsurancetulsa.com/blog/motorworld-sydney-auto-show","2","} Discover the Future of Cars at MotorWorld Sydney 2016 Cheapest Auto Insurance Oklahoma Quote Now Cheapest Insurance Blog Page About Us Blog Page Weather Discover MotorWorld Sydney: The Premier Automotive Festival Published by Cheap Auto on January 26, 2025 &nbsp; Discover MotorWorld Sydney: The Premier Automotive Festival&nbsp;MotorWorld Sydney MotorWorld Sydney: A Groundbreaking Automotive Festival [&hellip;]","415","2612","MotorWorld Sydney: Join the innovative 2016 automotive festival showcasing the latest vehicles and technology. Don’t miss out on this unique experience!","152","956","","0","0","Non-Indexable","Canonicalised"
"https://www.cheapestcarinsurancetulsa.com/blog/travel-like-a-pro","1","Travel Like a Pro: Master the Art of Budget-Friendly Adventures Traveling the world doesn&#8217;t have to break the bank. With the right strategies and a little planning, you can explore new destinations, experience different cultures, and create unforgettable memories—all while staying within your budget. From finding affordable flights and accommodations to discovering local gems off [&hellip;]","399","2370","","0","0","","0","0","Non-Indexable","Canonicalised"
"https://www.cheapestcarinsurancetulsa.com/blog/updating-your-car-insurance-policy-following-significant-life-events","1","Life is a stream of change, bringing new beginnings that echo through all facets, including your car insurance. Whether you&#8217;re buzzing with joy as a newlywed in Nebraska or navigating roads lined with live oaks in Louisiana, each milestone might signal a need for policy review. Moving to fresh horizons, nestling into a new home [&hellip;]","346","2038","","0","0","","0","0","Non-Indexable","Canonicalised"
"https://www.cheapestcarinsurancetulsa.com/blog/how-to-drive-down-car-insurance-premiums-in-oklahoma-affordable-car-insurance-tips-this-2024","1","Discover how to drive down car insurance premiums in Oklahoma with these affordable car insurance tips. Save money while ensuring you have the right coverage for your needs Car insurance is a necessity for drivers in Oklahoma, but that doesn’t mean it has to break the bank. Whether you&#8217;re a new driver or looking to [&hellip;]","333","1985","","0","0","","0","0","Non-Indexable","Canonicalised"
"https://www.cheapestcarinsurancetulsa.com/blog/evaluating-full-coverage-car-insurance-benefits-and-considerations","1","Have you ever doubted the necessity of a full coverage car insurance policy, especially when you&#8217;re not at fault in an accident? This post will unravel the complexities of full coverage insurance and its advantages, particularly if you live in Vermont, deal with lease agreements, or worry about personal injury costs. We&#8217;ll compare it against [&hellip;]","366","2088","","0","0","","0","0","Non-Indexable","Canonicalised"
"https://www.cheapestcarinsurancetulsa.com/blog/ai-solutions-transforming-insurance-industry-challenges-how-artificial-intelligence-enhances-claims-underwriting-risk-management-and-customer-experience","1","AI Solutions Transforming Insurance Industry Challenges Artificial Intelligence is revolutionizing every stage of the insurance lifecycle by automating manual tasks, accelerating decision making, and improving risk analytics to deliver measurable efficiency gains. Independent agents and agency leaders face mounting pressure to reduce processing delays, control fraud, and personalize customer interactions—all while maintaining strict compliance. How [&hellip;]","463","2823","","0","0","","0","0","Non-Indexable","Canonicalised"
"https://www.cheapestcarinsurancetulsa.com/blog/tips-on-how-to-save-on-car-insurance-in-tulsa-easily","1","Looking to save big on car insurance in Tulsa? Check out these practical tips to lower your premiums and keep your wallet happy while driving safely!","149","919","","0","0","","0","0","Non-Indexable","Canonicalised"
"https://www.cheapestcarinsurancetulsa.com/blog/what-are-the-key-benefits-of-ai-automation-in-insurance","1","What Are the Key Benefits of AI Automation in Insurance? By 2032, the global AI in insurance market is expected to surge to $63.27 billion at a CAGR of 33.06 percent, highlighting a dramatic shift from manual workflows to intelligent automation. Independent agents, sales teams, operations managers, agency owners, and CFOs struggle with costly delays, [&hellip;]","363","2215","","0","0","","0","0","Non-Indexable","Canonicalised"
"https://www.cheapestcarinsurancetulsa.com/blog/how-cars-and-trucks-alter-insurance-premiums-in-tulsa","1","Understand how various factors influence car insurance rates in Tulsa. Learn about the key elements affecting costs for cars and trucks today. Get informed!","156","969","","0","0","","0","0","Non-Indexable","Canonicalised"
"https://www.cheapestcarinsurancetulsa.com/blog/your-ultimate-guide-to-insurance-agency-management-systems-features-benefits-and-solutions-for-agents","1","Did you know that over 60 percent of independent insurance agencies still rely on manual spreadsheets and fragmented tools that slow down renewals and client outreach? An Insurance Agency Management System (AMS) solves this by centralizing client data, policy administration, commission tracking, marketing automation, and reporting into a unified Insurtech SaaS platform. In this guide, [&hellip;]","398","2453","","0","0","","0","0","Non-Indexable","Canonicalised"
"https://www.cheapestcarinsurancetulsa.com/blog/understanding-the-basics-of-car-insurance","1","&#65279; Understanding the Basics of Car Insurance By Tulsa Insurance Guide | Published August 2, 2025 Welcome to Tulsa Insurance Guide, your trusted source for navigating car insurance in Tulsa, Oklahoma! If you&rsquo;re a new driver&mdash;maybe you just got your license, aced driver&rsquo;s ed, or bought your first car&mdash;the open road awaits, but so do [&hellip;]","371","2055","","0","0","","0","0","Non-Indexable","Canonicalised"
"https://www.cheapestcarinsurancetulsa.com/blog/understanding-car-insurance","1","Have you ever been perplexed by the variety of car insurance options available? Many drivers find themselves questioning how to choose coverage that fully protects without breaking the bank. This guide will walk you through understanding car insurance, spotlighting how to select a safe auto insurance company and illuminating the differences between general insurance and [&hellip;]","383","2346","","0","0","","0","0","Non-Indexable","Canonicalised"
"https://www.cheapestcarinsurancetulsa.com/blog/why-every-oklahoman-needs-quality-car-insurance-2","1","In Oklahoma, having quality car insurance is not just a legal requirement—it’s a vital safeguard for your financial well-being. After an accident, the financial and emotional toll can be overwhelming without the protection of comprehensive car insurance. Oklahoma law mandates minimum liability coverage of 25/50/25, which means $25,000 bodily injury per person, $50,000 per accident, [&hellip;]","395","2398","","0","0","","0","0","Non-Indexable","Canonicalised"
"https://www.cheapestcarinsurancetulsa.com/blog/affordable-auto-insurance-secure-low-rates-in-tulsa-oklahoma","1","Are you tired of overpaying for auto insurance in Tulsa, Oklahoma? We understand the challenge of finding affordable coverage that meets state requirements. This guide will show you how to secure low rates, compare quotes from top providers like Progressive, and navigate the insurance landscape in Tulsa. Learn about discounts, coverage options, and quick steps [&hellip;]","373","2287","","0","0","","0","0","Non-Indexable","Canonicalised"
"https://www.cheapestcarinsurancetulsa.com/blog/how-to-plan-a-last-minute-weekend-getaway","1","Sometimes, the best adventures are the ones that aren’t planned weeks in advance.","81","515","","0","0","","0","0","Non-Indexable","Canonicalised"
"https://www.cheapestcarinsurancetulsa.com/blog/oklahoma-auto-insurance-guide","1","Discover everything you need to know about auto insurance in Oklahoma. Learn about coverage options, state requirements, and tips for finding the best rates. Auto insurance is not only a legal requirement but also a critical safety net for drivers. Whether you’re a long-time Oklahoman or new to the state, having comprehensive knowledge about&nbsp;auto insurance [&hellip;]","374","2242","","0","0","","0","0","Non-Indexable","Canonicalised"
"https://www.cheapestcarinsurancetulsa.com/blog/the-quotely-ai-revolution-1-37-hour-vs-15-hour-staff","1","Insurance agencies face mounting pressure to reduce operational costs while improving service quality. Quotely&#8217;s AI-powered platform offers a revolutionary solution: 24/7 operation at just $1.37 per hour. The True Cost of Traditional Operations Most insurance agencies don&#8217;t realize the full cost of manual operations until they analyze all factors: Cost Factor Traditional Staff Quotely AI [&hellip;]","413","2404","","0","0","","0","0","Non-Indexable","Canonicalised"
"https://www.cheapestcarinsurancetulsa.com/blog/quotely-founder-dustin-wyzard-tulsa","1","Quotely &#8211; Insurance Intelligence Platform","47","257","","0","0","","0","0","Non-Indexable","Canonicalised"
"https://www.cheapestcarinsurancetulsa.com/blog/ai-in-insurance-how-its-revolutionizing-agencies-and-operations","1","AI in Insurance: How It&#8217;s Revolutionizing Agencies and Operations Artificial Intelligence (AI) is no longer a futuristic concept—it&#8217;s actively transforming the insurance industry today. From automating routine tasks to providing deep insights through predictive analytics, AI is revolutionizing how insurance agencies operate, compete, and serve customers. As the pace of technological change accelerates, agencies that embrace [&hellip;]","450","2642","","0","0","","0","0","Non-Indexable","Canonicalised"
"https://www.cheapestcarinsurancetulsa.com/blog/finding-the-ideal-age-for-maximum-car-insurance-savings-in-oklahoma-city","1","Are you looking to save money on car insurance in Oklahoma City? Your age plays a significant role in determining your rates. This article will explore how age affects car insurance costs in OKC and reveal the ideal age for maximum savings. We&#8217;ll also provide strategies for young and senior drivers to reduce their premiums [&hellip;]","341","2013","","0","0","","0","0","Non-Indexable","Canonicalised"
"https://www.cheapestcarinsurancetulsa.com/blog/how-ai-solutions-transform-efficiency-in-insurance-software-for-independent-agents-and-agencies","1","How AI Solutions Transform Efficiency in Insurance Software Enhancing operational velocity by up to 50%, AI solutions are reshaping insurance software workflows for independent agents and agencies. By automating underwriting, claims adjudication, customer interactions, and back-office tasks, AI delivers faster turnarounds, greater accuracy, and lower costs. For further insights into improving efficiency with AI in [&hellip;]","428","2597","","0","0","","0","0","Non-Indexable","Canonicalised"
"https://www.cheapestcarinsurancetulsa.com/blog/why-comprehensive-coverage-is-a-must-for-tulsas-storm-season","1","&#65279; Why Comprehensive Coverage Is Essential for Tulsa&rsquo;s Storm Season Protection Every spring and summer, Tulsa&rsquo;s location in &ldquo;Tornado Alley&rdquo; exposes homes and vehicles to tornadoes, hail, flooding, and high-velocity winds that can cause six-figure repair bills. In this guide, you&rsquo;ll discover how comprehensive coverage transforms unpredictable damage into managed risk, saving families time and [&hellip;]","441","2467","","0","0","","0","0","Non-Indexable","Canonicalised"
"https://www.cheapestcarinsurancetulsa.com/blog/why-every-oklahoman-needs-quality-car-insurance","1","In Oklahoma, the aftermath of an accident can be financially and emotionally overwhelming without the safeguard of comprehensive car insurance. This post delves into the essentials of quality coverage, offering an evaluation of the types of policies available and the protection they afford against injury and property damage. Readers will gain insight into selecting car [&hellip;]","382","2293","","0","0","","0","0","Non-Indexable","Canonicalised"
"https://www.cheapestcarinsurancetulsa.com/blog/financial-security-in-insurance","1","Financial security is the cornerstone of peace of mind in an unpredictable world. In today’s fast-paced and often uncertain environment, having a solid financial safety net is more important than ever. Insurance plays a vital role in this by protecting individuals and families from unexpected expenses that could otherwise derail their financial stability. Whether it’s [&hellip;]","381","2244","","0","0","","0","0","Non-Indexable","Canonicalised"
"https://www.cheapestcarinsurancetulsa.com/blog/understanding-car-insurance-a-guide-to-safe-auto-coverage-options","1","Have you ever been perplexed by the variety of car insurance options available? Many drivers find themselves questioning how to choose coverage that fully protects without breaking the bank. This guide will walk you through understanding car insurance, spotlighting how to select a safe auto insurance company and illuminating the differences between general insurance and [&hellip;]","383","2346","","0","0","","0","0","Non-Indexable","Canonicalised"
"https://www.cheapestcarinsurancetulsa.com/blog/the-impact-of-credit-scores-on-auto-insurance-premiums","1","Your credit score does more than just influence your eligibility for a mortgage; it plays a pivotal role in determining how much you&#8217;ll pay for vehicle insurance. Insurers use a process known as underwriting, where they assess risk and decide on the premiums you&#8217;ll owe. The ratio of risk they perceive is directly connected to [&hellip;]","350","2000","","0","0","","0","0","Non-Indexable","Canonicalised"
"https://www.cheapestcarinsurancetulsa.com/blog/save-big-by-bundling-home-and-auto-insurance-in-tulsa","1","Bundling home and auto insurance in Tulsa helps save money while simplifying life. Enjoy greater peace of mind with the best coverage for your needs!","149","931","","0","0","","0","0","Non-Indexable","Canonicalised"
"https://www.cheapestcarinsurancetulsa.com/blog/what-to-do-after-a-car-accident","1","What to Do After a Car Accident in Tulsa: A Step-by-Step Guide Introduction A car accident can be a scary and overwhelming experience. Whether it’s your first crash or just a minor fender-bender, knowing exactly what steps to take can help you stay calm, safe, and in control. For drivers in Tulsa, understanding your legal [&hellip;]","334","1993","","0","0","","0","0","Non-Indexable","Canonicalised"
"https://www.cheapestcarinsurancetulsa.com/blog/new-driver-essential-car-insurance-tips-for-2024","1","As a new driver, understanding the intricacies of car insurance is as crucial as perfecting your parallel parking skills. Whether it&#8217;s selecting the right policy that covers both injury and property damage or filing an mv44 dmv form, the process can seem challenging. Still, armed with knowledge on defensive driving courses approved by the nys [&hellip;]","361","2113","","0","0","","0","0","Non-Indexable","Canonicalised"
"https://www.cheapestcarinsurancetulsa.com/blog/comparing-auto-insurance-costs-tulsa-vs-major-cities","1","Decoding auto insurance prices can feel like cracking a secret code—especially when you’re comparing quotes from different cities.&nbsp; Take Tulsa, for example: the average annual car insurance cost hovers around $2,918, just a bit above the Oklahoma state average of $2,790. But why the difference? It all comes down to factors like your age, where [&hellip;]","361","2157","","0","0","","0","0","Non-Indexable","Canonicalised"
