"Address","Content Type","Status Code","Status","Indexability","Indexability Status","Inlinks","Response Time","Redirect URL","Redirect Type"
"https://cheapestcarinsurancetulsa.com/cdn-cgi/l/email-protection","text/html","404","Not Found","Non-Indexable","Client Error","7","0.040","",""
"https://cheapestcarinsurancetulsa.com/blog/chart3_bar.png","text/html; charset=utf-8","404","Not Found","Non-Indexable","Client Error","0","0.173","",""
"https://cheapestcarinsurancetulsa.com/blog/chart3_pie.png","text/html; charset=utf-8","404","Not Found","Non-Indexable","Client Error","0","0.163","",""
"https://cheapestcarinsurancetulsa.com/blog/chart4_bar.png","text/html; charset=utf-8","404","Not Found","Non-Indexable","Client Error","0","0.171","",""
"https://cheapestcarinsurancetulsa.com/blog/chart1_pie.png","text/html; charset=utf-8","404","Not Found","Non-Indexable","Client Error","0","0.169","",""
"https://cheapestcarinsurancetulsa.com/blog/chart1_bar.png","text/html; charset=utf-8","404","Not Found","Non-Indexable","Client Error","0","0.165","",""
"https://cheapestcarinsurancetulsa.com/blog/chart2_pie.png","text/html; charset=utf-8","404","Not Found","Non-Indexable","Client Error","0","0.166","",""
"https://cheapestcarinsurancetulsa.com/blog/chart2_bar.png","text/html; charset=utf-8","404","Not Found","Non-Indexable","Client Error","0","0.162","",""
"https://cheapestcarinsurancetulsa.com/blog/chart5_pie.png","text/html; charset=utf-8","404","Not Found","Non-Indexable","Client Error","0","0.159","",""
"https://cheapestcarinsurancetulsa.com/blog/chart5_bar.png","text/html; charset=utf-8","404","Not Found","Non-Indexable","Client Error","0","0.160","",""
"https://accounts.google.com/gsi/client","text/html; charset=utf-8","403","Forbidden","Non-Indexable","Client Error","0","0.050","",""
"https://cheapestcarinsurancetulsa.com/blog/chart4_pie.png","text/html; charset=utf-8","404","Not Found","Non-Indexable","Client Error","0","3.190","",""
"https://cheapestcarinsurancetulsa.com/ai-automation-benefits-in-insurance-software-how-ai-enhances-efficiency-accuracy-and-customer-experience","text/html; charset=utf-8","404","Not Found","Non-Indexable","Client Error","0","0.112","",""
"https://cheapestcarinsurancetulsa.com/ai-automation-advantages-transforming-insurance-operations","text/html; charset=utf-8","404","Not Found","Non-Indexable","Client Error","0","0.078","",""
"https://cheapestcarinsurancetulsa.com/how-ai-solutions-transform-efficiency-in-insurance-software-for-independent-agents-and-agencies","text/html; charset=utf-8","404","Not Found","Non-Indexable","Client Error","0","0.084","",""
"https://cheapestcarinsurancetulsa.com/2025/10/09","text/html; charset=utf-8","404","Not Found","Non-Indexable","Client Error","0","0.089","",""
"https://cheapestcarinsurancetulsa.com/what-are-the-key-benefits-of-ai-automation-in-insurance","text/html; charset=utf-8","404","Not Found","Non-Indexable","Client Error","0","0.085","",""
"https://cheapestcarinsurancetulsa.com/why-ai-driven-insurance-software-outperforms-traditional-methods","text/html; charset=utf-8","404","Not Found","Non-Indexable","Client Error","0","0.076","",""
"https://cheapestcarinsurancetulsa.com/2025/10/08","text/html; charset=utf-8","404","Not Found","Non-Indexable","Client Error","0","0.089","",""
"https://cheapestcarinsurancetulsa.com/evaluating-full-coverage-car-insurance-benefits-and-considerations","text/html; charset=utf-8","404","Not Found","Non-Indexable","Client Error","0","0.081","",""
"https://cheapestcarinsurancetulsa.com/guide-to-auto-insurance-in-oklahoma","text/html; charset=utf-8","404","Not Found","Non-Indexable","Client Error","0","0.086","",""
"https://cheapestcarinsurancetulsa.com/contact-us/privacy-policy-cheapest-car-insurance","text/html; charset=utf-8","404","Not Found","Non-Indexable","Client Error","0","0.079","",""
"https://cheapestcarinsurancetulsa.com/save-money-insurance?swcfpc=1","text/html; charset=utf-8","404","Not Found","Non-Indexable","Client Error","0","0.094","",""
"https://cheapestcarinsurancetulsa.com/why-oklahoma-city-drivers-need-comprehensive-car-insurance-coverage?swcfpc=1","text/html; charset=utf-8","404","Not Found","Non-Indexable","Client Error","0","0.108","",""
"https://cheapestcarinsurancetulsa.com/discounts","text/html; charset=utf-8","404","Not Found","Non-Indexable","Client Error","0","0.083","",""
"https://cheapestcarinsurancetulsa.com/maximize-cost-savings-with-ai-automation-in-insurance-how-to-reduce-costs-and-boost-efficiency","text/html; charset=utf-8","404","Not Found","Non-Indexable","Client Error","0","1.122","",""
"https://cheapestcarinsurancetulsa.com/sr22-insurance","text/html; charset=utf-8","404","Not Found","Non-Indexable","Client Error","0","0.063","",""
"https://cheapestcarinsurancetulsa.com/elementor-260","text/html; charset=utf-8","404","Not Found","Non-Indexable","Client Error","0","1.105","",""
"https://cheapestcarinsurancetulsa.com/multi-car-discount","text/html; charset=utf-8","404","Not Found","Non-Indexable","Client Error","0","0.097","",""
"https://cheapestcarinsurancetulsa.com/ai-solutions-transforming-insurance-industry-challenges-how-artificial-intelligence-enhances-claims-underwriting-risk-management-and-customer-experience","text/html; charset=utf-8","404","Not Found","Non-Indexable","Client Error","0","0.085","",""
"https://cheapestcarinsurancetulsa.com/affordable-auto-insurance-secure-low-rates-in-tulsa-oklahoma?swcfpc=1","text/html; charset=utf-8","404","Not Found","Non-Indexable","Client Error","0","0.079","",""
"https://cheapestcarinsurancetulsa.com/savemoney","text/html; charset=utf-8","404","Not Found","Non-Indexable","Client Error","0","0.078","",""
"https://cheapestcarinsurancetulsa.com/268-2","text/html; charset=utf-8","404","Not Found","Non-Indexable","Client Error","0","0.077","",""
"https://cheapestcarinsurancetulsa.com/comparing-auto-insurance-costs-tulsa-vs-major-cities","text/html; charset=utf-8","404","Not Found","Non-Indexable","Client Error","0","0.082","",""
"https://cheapestcarinsurancetulsa.com/child-safety-on-the-road-best-practices-for-driving-with-babies","text/html; charset=utf-8","404","Not Found","Non-Indexable","Client Error","0","0.091","",""
"https://cheapestcarinsurancetulsa.com/the-ultimate-guide-to-self-care-daily-habits-to-boost-your-mood","text/html; charset=utf-8","404","Not Found","Non-Indexable","Client Error","0","0.090","",""
"https://cheapestcarinsurancetulsa.com/auto-and-home-insurance-rater-software-compare-quotes-save-time-and-boost-agency-efficiency","text/html; charset=utf-8","404","Not Found","Non-Indexable","Client Error","0","1.083","",""
"https://cheapestcarinsurancetulsa.com/comprehensive-guide-to-comparative-rating-software-for-independent-insurance-agents","text/html; charset=utf-8","404","Not Found","Non-Indexable","Client Error","0","1.138","",""
"https://cheapestcarinsurancetulsa.com/https:/cheapestcarinsurancetulsa.com/faq","text/html; charset=utf-8","404","Not Found","Non-Indexable","Client Error","0","0.089","",""
"https://www.cheapestcarinsurancetulsa.com/cdn-cgi/l/email-protection","text/html","404","Not Found","Non-Indexable","Client Error","6","0.032","",""
"https://www.cheapestcarinsurancetulsa.com/blog/chart3_pie.png","text/html; charset=utf-8","404","Not Found","Non-Indexable","Client Error","0","0.175","",""
"https://www.cheapestcarinsurancetulsa.com/blog/chart4_pie.png","text/html; charset=utf-8","404","Not Found","Non-Indexable","Client Error","0","0.164","",""
"https://www.cheapestcarinsurancetulsa.com/blog/chart4_bar.png","text/html; charset=utf-8","404","Not Found","Non-Indexable","Client Error","0","0.170","",""
"https://www.cheapestcarinsurancetulsa.com/blog/chart5_pie.png","text/html; charset=utf-8","404","Not Found","Non-Indexable","Client Error","0","0.165","",""
"https://www.cheapestcarinsurancetulsa.com/blog/chart3_bar.png","text/html; charset=utf-8","404","Not Found","Non-Indexable","Client Error","0","0.171","",""
"https://www.cheapestcarinsurancetulsa.com/blog/chart2_pie.png","text/html; charset=utf-8","404","Not Found","Non-Indexable","Client Error","0","0.180","",""
"https://www.cheapestcarinsurancetulsa.com/blog/chart1_pie.png","text/html; charset=utf-8","404","Not Found","Non-Indexable","Client Error","0","0.189","",""
"https://www.cheapestcarinsurancetulsa.com/blog/chart1_bar.png","text/html; charset=utf-8","404","Not Found","Non-Indexable","Client Error","0","0.167","",""
"https://www.cheapestcarinsurancetulsa.com/blog/chart2_bar.png","text/html; charset=utf-8","404","Not Found","Non-Indexable","Client Error","0","1.188","",""
"https://www.cheapestcarinsurancetulsa.com/blog/chart5_bar.png","text/html; charset=utf-8","404","Not Found","Non-Indexable","Client Error","0","1.182","",""
